file,subset,frame_tp,frame_fp,frame_fn,frameF0_tp,frameF0_fp,frameF0_fn,frame_tdr_num,frame_tdr_den,note_p,note_r,note_f1,noteF0_p,noteF0_r,noteF0_f1,note_tdr
04_Rock1-130-A_solo_01.npz,solo,238,49,55,241,46,52,238.0,241.0,0.711864406779661,0.7368421052631579,0.7241379310344828,0.711864406779661,0.7368421052631579,0.7241379310344828,1.0
03_Funk1-114-Ab_solo_02.npz,solo,287,27,35,287,22,35,287.0,287.0,0.8225806451612904,0.864406779661017,0.8429752066115702,0.8225806451612904,0.864406779661017,0.8429752066115702,1.0
01_Jazz3-150-C_solo_00.npz,solo,214,10,19,214,10,19,214.0,214.0,0.8571428571428571,0.9230769230769231,0.8888888888888888,0.8571428571428571,0.9230769230769231,0.8888888888888888,1.0
03_Funk2-108-Eb_solo_00.npz,solo,225,18,24,225,18,13,225.0,225.0,0.8571428571428571,0.9230769230769231,0.8888888888888888,0.8571428571428571,0.972972972972973,0.9113924050632911,1.0
01_BN3-119-G_solo_03.npz,solo,296,15,10,296,15,10,296.0,296.0,0.9193548387096774,1.0,0.957983193277311,0.9193548387096774,1.0,0.957983193277311,1.0
03_Jazz1-130-D_comp_02.npz,comp,430,56,38,430,56,38,430.0,430.0,0.8446601941747572,0.9354838709677419,0.8877551020408163,0.8446601941747572,0.9354838709677419,0.8877551020408163,1.0
03_Jazz3-137-Eb_solo_03.npz,solo,254,7,18,254,7,18,254.0,254.0,0.819672131147541,0.8620689655172413,0.8403361344537815,0.819672131147541,0.8620689655172413,0.8403361344537815,1.0
03_BN1-129-Eb_solo_02.npz,solo,248,8,4,248,8,4,248.0,248.0,0.9090909090909091,1.0,0.9523809523809523,0.9090909090909091,1.0,0.9523809523809523,1.0
04_SS1-68-E_comp_00.npz,comp,3259,316,84,3260,315,60,3259.0,3260.0,0.9164490861618799,0.9943342776203966,0.9538043478260869,0.9164490861618799,0.9971590909090909,0.9551020408163265,1.0
04_Funk3-98-A_comp_00.npz,comp,683,83,54,683,83,54,683.0,683.0,0.860655737704918,0.9292035398230089,0.8936170212765957,0.860655737704918,0.9292035398230089,0.8936170212765957,1.0
00_BN1-129-Eb_comp_01.npz,comp,641,94,181,641,61,181,641.0,641.0,0.8954248366013072,0.791907514450867,0.8404907975460123,0.9256756756756757,0.791907514450867,0.8535825545171339,1.0
03_Rock3-117-Bb_comp_00.npz,comp,586,62,68,586,62,68,586.0,586.0,0.9098360655737705,0.8809523809523809,0.8951612903225806,0.9098360655737705,0.8809523809523809,0.8951612903225806,1.0
01_Jazz3-150-C_comp_02.npz,comp,269,31,61,269,31,61,269.0,269.0,0.8823529411764706,0.7792207792207793,0.8275862068965517,0.8823529411764706,0.7792207792207793,0.8275862068965517,1.0
01_Jazz3-150-C_comp_03.npz,comp,316,29,44,316,29,44,316.0,316.0,0.8481012658227848,0.8271604938271605,0.8375,0.8481012658227848,0.8271604938271605,0.8375,1.0
03_BN1-129-Eb_solo_01.npz,solo,256,19,11,256,9,11,256.0,256.0,0.8983050847457628,0.9636363636363636,0.9298245614035088,0.9298245614035088,0.9636363636363636,0.9464285714285714,1.0
03_Jazz1-130-D_solo_00.npz,solo,206,14,12,206,12,12,206.0,206.0,0.7959183673469388,0.9512195121951219,0.8666666666666667,0.8125,0.9512195121951219,0.8764044943820225,1.0
00_Funk1-114-Ab_comp_01.npz,comp,755,146,115,755,146,115,755.0,755.0,0.8066298342541437,0.863905325443787,0.8342857142857143,0.8066298342541437,0.863905325443787,0.8342857142857143,1.0
05_BN3-154-E_solo_03.npz,solo,179,35,8,179,35,8,179.0,179.0,0.6792452830188679,0.8780487804878049,0.7659574468085106,0.6792452830188679,0.8780487804878049,0.7659574468085106,1.0
03_Rock3-117-Bb_comp_02.npz,comp,644,59,85,644,59,85,644.0,644.0,0.9064748201438849,0.875,0.8904593639575972,0.9064748201438849,0.875,0.8904593639575972,1.0
04_Rock1-130-A_comp_02.npz,comp,486,84,193,492,78,169,486.0,492.0,0.8780487804878049,0.7297297297297297,0.7970479704797048,0.8780487804878049,0.7552447552447552,0.8120300751879699,1.0
05_Funk1-114-Ab_solo_02.npz,solo,85,46,32,85,46,32,85.0,85.0,0.5652173913043478,0.5909090909090909,0.5777777777777777,0.5652173913043478,0.5909090909090909,0.5777777777777777,1.0
00_Jazz2-110-Bb_comp_00.npz,comp,981,282,302,981,282,302,981.0,981.0,0.7436974789915967,0.815668202764977,0.778021978021978,0.7436974789915967,0.815668202764977,0.778021978021978,1.0
05_BN3-154-E_comp_00.npz,comp,462,16,80,462,16,80,462.0,462.0,0.9823008849557522,0.8604651162790697,0.9173553719008265,0.9823008849557522,0.8604651162790697,0.9173553719008265,1.0
01_Jazz1-200-B_solo_00.npz,solo,148,21,13,148,21,13,148.0,148.0,0.8947368421052632,0.9444444444444444,0.918918918918919,0.8947368421052632,0.9444444444444444,0.918918918918919,1.0
02_BN1-147-Gb_solo_01.npz,solo,171,9,21,171,9,21,171.0,171.0,0.9534883720930233,0.9111111111111111,0.9318181818181818,0.9534883720930233,0.9111111111111111,0.9318181818181818,1.0
00_Jazz2-110-Bb_solo_03.npz,solo,362,21,20,362,21,20,362.0,362.0,0.9402985074626866,0.9545454545454546,0.9473684210526315,0.9402985074626866,0.9545454545454546,0.9473684210526315,1.0
01_Jazz3-150-C_solo_03.npz,solo,222,22,17,222,22,17,222.0,222.0,0.8245614035087719,0.8545454545454545,0.8392857142857143,0.8245614035087719,0.8545454545454545,0.8392857142857143,1.0
01_BN3-119-G_comp_03.npz,comp,530,20,45,530,20,45,530.0,530.0,0.9017857142857143,0.9099099099099099,0.905829596412556,0.9017857142857143,0.9099099099099099,0.905829596412556,1.0
04_Funk3-98-A_solo_02.npz,solo,268,22,12,268,22,12,268.0,268.0,0.9555555555555556,0.9772727272727273,0.9662921348314607,0.9555555555555556,0.9772727272727273,0.9662921348314607,1.0
04_SS1-68-E_comp_02.npz,comp,2842,206,249,2807,141,172,2842.0,2807.0,0.8912386706948641,0.8966565349544073,0.8939393939393939,0.9237804878048781,0.9528301886792453,0.9380804953560371,0.9735973597359736
03_BN1-129-Eb_solo_00.npz,solo,198,17,12,198,17,12,198.0,198.0,0.9565217391304348,0.9361702127659575,0.946236559139785,0.9565217391304348,0.9361702127659575,0.946236559139785,1.0
01_Jazz1-200-B_comp_02.npz,comp,345,41,99,348,35,96,345.0,348.0,0.8571428571428571,0.6857142857142857,0.7619047619047619,0.8909090909090909,0.7,0.784,0.9795918367346939
03_BN1-129-Eb_comp_01.npz,comp,659,85,21,659,85,21,659.0,659.0,0.8616352201257862,0.9716312056737588,0.9133333333333333,0.8616352201257862,0.9716312056737588,0.9133333333333333,1.0
01_BN3-154-E_comp_03.npz,comp,557,118,108,571,99,94,557.0,571.0,0.8047337278106509,0.8292682926829268,0.8168168168168168,0.8323353293413174,0.8475609756097561,0.8398791540785498,0.9784172661870504
05_SS1-68-E_solo_00.npz,solo,302,154,52,302,154,52,302.0,302.0,0.64,0.8,0.7111111111111111,0.64,0.8,0.7111111111111111,1.0
02_Rock1-90-C#_solo_02.npz,solo,467,44,59,474,37,52,467.0,474.0,0.92,0.8961038961038961,0.9078947368421053,0.92,0.8961038961038961,0.9078947368421053,1.0
01_Jazz3-150-C_comp_00.npz,comp,228,51,54,228,51,54,228.0,228.0,0.8636363636363636,0.7808219178082192,0.8201438848920863,0.8636363636363636,0.7808219178082192,0.8201438848920863,1.0
00_Jazz2-110-Bb_comp_02.npz,comp,1165,225,171,1165,225,171,1165.0,1165.0,0.7903225806451613,0.8672566371681416,0.8270042194092827,0.7903225806451613,0.8672566371681416,0.8270042194092827,1.0
01_Funk2-119-G_comp_03.npz,comp,316,80,74,316,80,74,316.0,316.0,0.7282608695652174,0.8271604938271605,0.7745664739884393,0.7282608695652174,0.8271604938271605,0.7745664739884393,1.0
03_Funk1-114-Ab_comp_02.npz,comp,613,45,77,613,45,77,613.0,613.0,0.889763779527559,0.8828125,0.8862745098039215,0.889763779527559,0.8828125,0.8862745098039215,1.0
03_Rock1-130-A_solo_00.npz,solo,124,50,8,125,43,7,124.0,125.0,0.6756756756756757,0.8620689655172413,0.7575757575757576,0.7297297297297297,0.9310344827586207,0.8181818181818182,0.9259259259259259
01_Jazz1-200-B_comp_00.npz,comp,419,80,58,419,80,58,419.0,419.0,0.8413793103448276,0.8299319727891157,0.8356164383561644,0.8413793103448276,0.8299319727891157,0.8356164383561644,1.0
03_Funk2-108-Eb_comp_02.npz,comp,668,87,100,668,87,100,668.0,668.0,0.9047619047619048,0.8260869565217391,0.8636363636363636,0.9047619047619048,0.8260869565217391,0.8636363636363636,1.0
01_Jazz1-200-B_solo_01.npz,solo,156,28,28,156,28,28,156.0,156.0,0.8225806451612904,0.8360655737704918,0.8292682926829268,0.8225806451612904,0.8360655737704918,0.8292682926829268,1.0
02_BN1-147-Gb_comp_00.npz,comp,460,79,324,460,79,324,460.0,460.0,0.8079470198675497,0.6703296703296703,0.7327327327327328,0.8079470198675497,0.6703296703296703,0.7327327327327328,1.0
02_Rock1-90-C#_comp_02.npz,comp,899,300,273,899,300,248,899.0,899.0,0.7134502923976608,0.7305389221556886,0.7218934911242604,0.7134502923976608,0.7439024390243902,0.7283582089552239,1.0
01_Funk2-119-G_solo_02.npz,solo,248,29,63,248,29,63,248.0,248.0,0.8813559322033898,0.8387096774193549,0.859504132231405,0.8813559322033898,0.8387096774193549,0.859504132231405,1.0
02_BN3-154-E_comp_03.npz,comp,656,76,78,656,76,78,656.0,656.0,0.8797814207650273,0.8702702702702703,0.875,0.8797814207650273,0.8702702702702703,0.875,1.0
01_BN3-154-E_comp_01.npz,comp,543,62,36,543,62,36,543.0,543.0,0.864516129032258,0.9781021897810219,0.9178082191780822,0.864516129032258,0.9781021897810219,0.9178082191780822,1.0
04_SS1-68-E_solo_01.npz,solo,436,85,39,431,84,16,436.0,431.0,0.8305084745762712,0.9607843137254902,0.8909090909090909,0.8448275862068966,1.0,0.9158878504672897,1.0
03_Jazz3-137-Eb_solo_00.npz,solo,237,11,13,237,11,13,237.0,237.0,0.8909090909090909,0.9423076923076923,0.9158878504672897,0.8909090909090909,0.9423076923076923,0.9158878504672897,1.0
01_Rock1-130-A_solo_02.npz,solo,239,49,36,245,43,23,239.0,245.0,0.8125,0.8813559322033898,0.8455284552845529,0.828125,0.9137931034482759,0.8688524590163934,0.9811320754716981
03_Jazz3-137-Eb_comp_03.npz,comp,419,41,151,423,37,147,419.0,423.0,0.8365384615384616,0.7435897435897436,0.7873303167420814,0.8365384615384616,0.7435897435897436,0.7873303167420814,1.0
01_BN3-119-G_comp_00.npz,comp,373,31,45,373,31,45,373.0,373.0,0.9146341463414634,0.9146341463414634,0.9146341463414634,0.9146341463414634,0.9146341463414634,0.9146341463414634,1.0
01_BN1-129-Eb_solo_00.npz,solo,251,4,8,251,4,8,251.0,251.0,1.0,0.9818181818181818,0.9908256880733946,1.0,0.9818181818181818,0.9908256880733946,1.0
01_Jazz3-150-C_solo_01.npz,solo,216,19,10,216,19,10,216.0,216.0,0.8852459016393442,0.9642857142857143,0.9230769230769231,0.8852459016393442,0.9642857142857143,0.9230769230769231,1.0
05_SS1-68-E_solo_01.npz,solo,268,91,40,268,91,40,268.0,268.0,0.7105263157894737,0.7714285714285715,0.7397260273972602,0.7105263157894737,0.7714285714285715,0.7397260273972602,1.0
04_Funk3-98-A_comp_02.npz,comp,759,130,72,759,130,72,759.0,759.0,0.8405797101449275,0.8923076923076924,0.8656716417910447,0.8405797101449275,0.8923076923076924,0.8656716417910447,1.0
03_Rock3-117-Bb_solo_03.npz,solo,368,45,26,368,45,26,368.0,368.0,0.8734177215189873,0.9324324324324325,0.9019607843137255,0.8734177215189873,0.9324324324324325,0.9019607843137255,1.0
05_BN1-129-Eb_comp_02.npz,comp,699,65,57,699,59,57,699.0,699.0,0.8662420382165605,0.9066666666666666,0.8859934853420195,0.8662420382165605,0.9066666666666666,0.8859934853420195,1.0
04_BN3-154-E_solo_02.npz,solo,168,35,38,161,34,31,168.0,161.0,0.7884615384615384,0.803921568627451,0.7961165048543689,0.8076923076923077,0.875,0.84,0.9761904761904762
05_Funk1-114-Ab_comp_00.npz,comp,378,66,78,379,65,77,378.0,379.0,0.8589743589743589,0.8701298701298701,0.864516129032258,0.8589743589743589,0.8701298701298701,0.864516129032258,1.0
04_SS1-68-E_comp_01.npz,comp,2686,510,190,2687,509,189,2686.0,2687.0,0.8434782608695652,0.9448051948051948,0.891271056661562,0.8434782608695652,0.9448051948051948,0.891271056661562,1.0
04_Funk3-98-A_solo_00.npz,solo,280,22,14,280,22,14,280.0,280.0,0.8936170212765957,0.9545454545454546,0.9230769230769231,0.8936170212765957,0.9545454545454546,0.9230769230769231,1.0
01_BN3-154-E_comp_02.npz,comp,436,50,34,436,50,27,436.0,436.0,0.8974358974358975,0.9292035398230089,0.9130434782608695,0.8974358974358975,0.9375,0.9170305676855895,1.0
04_BN3-154-E_comp_02.npz,comp,118,310,274,118,310,274,118.0,118.0,0.2882882882882883,0.32989690721649484,0.3076923076923077,0.2882882882882883,0.32989690721649484,0.3076923076923077,1.0
02_Rock1-90-C#_solo_01.npz,solo,381,26,23,392,15,12,381.0,392.0,0.9333333333333333,0.9491525423728814,0.9411764705882353,0.9666666666666667,0.9830508474576272,0.9747899159663865,0.9655172413793104
03_Jazz3-137-Eb_comp_02.npz,comp,376,34,12,376,34,12,376.0,376.0,0.9021739130434783,0.9764705882352941,0.9378531073446328,0.9021739130434783,0.9764705882352941,0.9378531073446328,1.0
05_SS1-68-E_comp_00.npz,comp,1442,427,5,1442,427,5,1442.0,1442.0,0.7389162561576355,1.0,0.8498583569405099,0.7389162561576355,1.0,0.8498583569405099,1.0
01_BN1-129-Eb_solo_02.npz,solo,256,4,4,256,4,4,256.0,256.0,0.9821428571428571,0.9649122807017544,0.9734513274336283,0.9821428571428571,0.9649122807017544,0.9734513274336283,1.0
05_BN1-129-Eb_solo_00.npz,solo,247,27,11,247,27,11,247.0,247.0,0.8620689655172413,0.9615384615384616,0.9090909090909091,0.8620689655172413,0.9615384615384616,0.9090909090909091,1.0
01_BN3-119-G_comp_02.npz,comp,523,73,24,523,73,24,523.0,523.0,0.8389830508474576,0.9705882352941176,0.9,0.8389830508474576,0.9705882352941176,0.9,1.0
05_SS1-100-C#_solo_01.npz,solo,222,38,5,222,38,5,222.0,222.0,0.8809523809523809,1.0,0.9367088607594937,0.8809523809523809,1.0,0.9367088607594937,1.0
02_BN1-147-Gb_solo_00.npz,solo,240,5,1,240,5,1,240.0,240.0,1.0,1.0,1.0,1.0,1.0,1.0,1.0
03_Jazz3-137-Eb_solo_01.npz,solo,232,8,5,232,8,5,232.0,232.0,0.8909090909090909,0.98,0.9333333333333333,0.8909090909090909,0.98,0.9333333333333333,1.0
05_BN1-129-Eb_solo_02.npz,solo,171,19,75,171,19,75,171.0,171.0,0.8205128205128205,0.6530612244897959,0.7272727272727273,0.8205128205128205,0.6530612244897959,0.7272727272727273,1.0
03_BN1-129-Eb_comp_02.npz,comp,603,51,54,603,51,54,603.0,603.0,0.8356164383561644,0.8840579710144928,0.8591549295774648,0.8356164383561644,0.8840579710144928,0.8591549295774648,1.0
03_Rock1-130-A_comp_01.npz,comp,712,240,112,712,238,112,712.0,712.0,0.6926829268292682,0.8208092485549133,0.7513227513227513,0.6926829268292682,0.8208092485549133,0.7513227513227513,1.0
05_Funk1-114-Ab_comp_01.npz,comp,403,76,61,403,76,61,403.0,403.0,0.8404255319148937,0.8977272727272727,0.8681318681318682,0.8404255319148937,0.8977272727272727,0.8681318681318682,1.0
05_SS1-68-E_comp_01.npz,comp,1392,308,31,1392,308,31,1392.0,1392.0,0.7891891891891892,0.954248366013072,0.863905325443787,0.7891891891891892,0.954248366013072,0.863905325443787,1.0
03_Funk2-108-Eb_comp_01.npz,comp,804,109,62,804,109,62,804.0,804.0,0.9044585987261147,0.9281045751633987,0.9161290322580645,0.9044585987261147,0.9281045751633987,0.9161290322580645,1.0
05_BN3-154-E_solo_02.npz,solo,117,54,10,117,54,10,117.0,117.0,0.65,0.8387096774193549,0.7323943661971831,0.65,0.8387096774193549,0.7323943661971831,1.0
01_Funk2-119-G_solo_00.npz,solo,232,21,14,232,21,14,232.0,232.0,0.9574468085106383,0.9375,0.9473684210526315,0.9574468085106383,0.9375,0.9473684210526315,1.0
01_BN1-129-Eb_solo_01.npz,solo,170,44,24,170,44,24,170.0,170.0,0.7555555555555555,0.8947368421052632,0.8192771084337349,0.7555555555555555,0.8947368421052632,0.8192771084337349,1.0
01_Jazz1-200-B_solo_02.npz,solo,154,19,41,154,19,41,154.0,154.0,0.8852459016393442,0.84375,0.864,0.8852459016393442,0.84375,0.864,1.0
02_Rock1-90-C#_solo_00.npz,solo,415,7,11,415,7,11,415.0,415.0,0.9836065573770492,0.9836065573770492,0.9836065573770492,0.9836065573770492,0.9836065573770492,0.9836065573770492,1.0
02_BN3-154-E_comp_00.npz,comp,641,94,111,641,94,111,641.0,641.0,0.8626373626373627,0.8532608695652174,0.8579234972677595,0.8626373626373627,0.8532608695652174,0.8579234972677595,1.0
01_BN3-119-G_comp_01.npz,comp,452,50,78,452,50,78,452.0,452.0,0.946236559139785,0.88,0.9119170984455959,0.946236559139785,0.88,0.9119170984455959,1.0
01_BN3-154-E_solo_02.npz,solo,366,25,21,366,25,21,366.0,366.0,0.9285714285714286,0.978494623655914,0.9528795811518325,0.9285714285714286,0.978494623655914,0.9528795811518325,1.0
00_Rock1-130-A_solo_01.npz,solo,401,27,22,401,27,15,401.0,401.0,0.9886363636363636,0.9666666666666667,0.9775280898876404,0.9886363636363636,0.9775280898876404,0.9830508474576272,1.0
01_BN1-129-Eb_comp_02.npz,comp,659,155,23,659,155,23,659.0,659.0,0.7771428571428571,0.9645390070921985,0.8607594936708861,0.7771428571428571,0.9645390070921985,0.8607594936708861,1.0
05_SS1-100-C#_solo_02.npz,solo,249,97,37,249,97,27,249.0,249.0,0.6909090909090909,0.9047619047619048,0.7835051546391752,0.6909090909090909,0.926829268292683,0.7916666666666666,1.0
03_Funk1-114-Ab_comp_01.npz,comp,635,93,110,635,93,110,635.0,635.0,0.8518518518518519,0.8214285714285714,0.8363636363636363,0.8518518518518519,0.8214285714285714,0.8363636363636363,1.0
01_Rock1-130-A_comp_00.npz,comp,659,131,54,659,131,54,659.0,659.0,0.8292682926829268,0.9251700680272109,0.8745980707395499,0.8292682926829268,0.9251700680272109,0.8745980707395499,1.0
01_Funk2-119-G_solo_03.npz,solo,177,22,26,177,22,26,177.0,177.0,0.7450980392156863,0.95,0.8351648351648352,0.7450980392156863,0.95,0.8351648351648352,1.0
02_BN3-154-E_solo_03.npz,solo,220,19,33,220,19,33,220.0,220.0,0.7704918032786885,0.8103448275862069,0.7899159663865546,0.7704918032786885,0.8103448275862069,0.7899159663865546,1.0
03_Rock3-117-Bb_solo_02.npz,solo,347,42,38,346,25,30,347.0,346.0,0.9305555555555556,0.9178082191780822,0.9241379310344827,0.9571428571428572,0.9305555555555556,0.9436619718309859,1.0
02_Rock1-90-C#_comp_00.npz,comp,702,106,57,703,105,56,702.0,703.0,0.8928571428571429,0.9345794392523364,0.91324200913242,0.8928571428571429,0.9345794392523364,0.91324200913242,1.0
05_Funk1-114-Ab_solo_00.npz,solo,140,25,13,140,25,13,140.0,140.0,0.9,0.9310344827586207,0.9152542372881356,0.9,0.9310344827586207,0.9152542372881356,1.0
05_SS1-100-C#_solo_00.npz,solo,195,110,2,195,110,2,195.0,195.0,0.6170212765957447,1.0,0.7631578947368421,0.6170212765957447,1.0,0.7631578947368421,1.0
04_SS1-68-E_solo_02.npz,solo,427,45,32,427,38,32,427.0,427.0,0.9090909090909091,0.9615384615384616,0.9345794392523364,0.9090909090909091,0.9615384615384616,0.9345794392523364,1.0
03_BN2-166-Ab_solo_01.npz,solo,153,15,6,153,15,6,153.0,153.0,0.8163265306122449,0.9523809523809523,0.8791208791208791,0.8163265306122449,0.9523809523809523,0.8791208791208791,1.0
01_Funk2-119-G_solo_01.npz,solo,183,13,18,183,13,18,183.0,183.0,0.8222222222222222,0.925,0.8705882352941177,0.8222222222222222,0.925,0.8705882352941177,1.0
01_Jazz3-150-C_comp_01.npz,comp,341,16,25,341,16,25,341.0,341.0,0.963855421686747,0.898876404494382,0.9302325581395349,0.963855421686747,0.898876404494382,0.9302325581395349,1.0
03_Funk2-108-Eb_solo_02.npz,solo,207,41,72,210,38,62,207.0,210.0,0.7555555555555555,0.7391304347826086,0.7472527472527473,0.7777777777777778,0.7777777777777778,0.7777777777777778,0.9714285714285714
03_BN2-166-Ab_solo_02.npz,solo,154,20,24,154,20,24,154.0,154.0,0.875,0.875,0.875,0.875,0.875,0.875,1.0
03_Jazz1-130-D_comp_00.npz,comp,423,21,110,423,21,110,423.0,423.0,0.9120879120879121,0.7757009345794392,0.8383838383838383,0.9120879120879121,0.7757009345794392,0.8383838383838383,1.0
05_Funk1-114-Ab_solo_01.npz,solo,179,91,81,189,81,71,179.0,189.0,0.56,0.6222222222222222,0.5894736842105263,0.6,0.6666666666666666,0.631578947368421,0.9333333333333333
05_SS1-100-C#_comp_00.npz,comp,1271,165,20,1271,165,20,1271.0,1271.0,0.8565217391304348,0.9949494949494949,0.9205607476635514,0.8565217391304348,0.9949494949494949,0.9205607476635514,1.0
02_BN1-129-Eb_comp_00.npz,comp,647,116,124,647,116,121,647.0,647.0,0.8128654970760234,0.8910256410256411,0.8501529051987767,0.8128654970760234,0.896774193548387,0.852760736196319,1.0
02_BN1-147-Gb_comp_01.npz,comp,318,174,413,439,53,292,318.0,439.0,0.6451612903225806,0.4678362573099415,0.5423728813559322,0.8387096774193549,0.6081871345029239,0.7050847457627119,0.7692307692307693
01_BN3-154-E_solo_01.npz,solo,257,14,14,257,14,14,257.0,257.0,0.9710144927536232,0.9710144927536232,0.9710144927536232,0.9710144927536232,0.9710144927536232,0.9710144927536232,1.0
03_Funk2-108-Eb_comp_00.npz,comp,663,83,52,663,83,52,663.0,663.0,0.8740740740740741,0.9365079365079365,0.9042145593869731,0.8740740740740741,0.9365079365079365,0.9042145593869731,1.0
03_Rock3-117-Bb_comp_01.npz,comp,629,148,218,658,116,189,629.0,658.0,0.8169934640522876,0.7621951219512195,0.7886435331230284,0.8562091503267973,0.7987804878048781,0.8264984227129337,0.9541984732824428
03_Funk1-114-Ab_solo_00.npz,solo,151,14,18,151,14,18,151.0,151.0,0.967741935483871,0.9090909090909091,0.9375,0.967741935483871,0.9090909090909091,0.9375,1.0
01_Funk2-119-G_comp_01.npz,comp,342,53,48,342,53,48,342.0,342.0,0.8941176470588236,0.8837209302325582,0.8888888888888888,0.8941176470588236,0.8837209302325582,0.8888888888888888,1.0
00_Funk1-114-Ab_comp_02.npz,comp,859,188,189,870,177,178,859.0,870.0,0.774869109947644,0.7956989247311828,0.7851458885941645,0.7853403141361257,0.8064516129032258,0.7957559681697612,0.9866666666666667
01_Rock1-130-A_comp_02.npz,comp,885,70,48,885,70,48,885.0,885.0,0.9536082474226805,0.9487179487179487,0.9511568123393316,0.9536082474226805,0.9487179487179487,0.9511568123393316,1.0
04_Rock1-130-A_comp_00.npz,comp,432,128,73,432,128,73,432.0,432.0,0.7355371900826446,0.8640776699029126,0.7946428571428571,0.7355371900826446,0.8640776699029126,0.7946428571428571,1.0
05_BN3-154-E_comp_02.npz,comp,471,36,93,471,36,93,471.0,471.0,0.9133858267716536,0.8405797101449275,0.8754716981132076,0.9133858267716536,0.8405797101449275,0.8754716981132076,1.0
03_Rock1-130-A_comp_02.npz,comp,932,345,122,934,343,111,932.0,934.0,0.6847826086956522,0.8669724770642202,0.7651821862348178,0.6884057971014492,0.8796296296296297,0.7723577235772358,0.9947368421052631
03_Funk2-108-Eb_comp_03.npz,comp,886,139,112,886,139,112,886.0,886.0,0.8771929824561403,0.872093023255814,0.8746355685131195,0.8771929824561403,0.872093023255814,0.8746355685131195,1.0
03_Jazz1-130-D_comp_01.npz,comp,316,94,88,316,94,88,316.0,316.0,0.7647058823529411,0.7831325301204819,0.7738095238095238,0.7647058823529411,0.7831325301204819,0.7738095238095238,1.0
04_Funk3-98-A_solo_01.npz,solo,278,34,22,278,34,22,278.0,278.0,0.9183673469387755,0.9574468085106383,0.9375,0.9183673469387755,0.9574468085106383,0.9375,1.0
01_Jazz3-150-C_solo_02.npz,solo,222,14,18,222,14,18,222.0,222.0,0.8333333333333334,0.8771929824561403,0.8547008547008547,0.8333333333333334,0.8771929824561403,0.8547008547008547,1.0
05_BN3-154-E_comp_01.npz,comp,507,38,34,507,38,34,507.0,507.0,0.9172413793103448,0.9708029197080292,0.9432624113475178,0.9172413793103448,0.9708029197080292,0.9432624113475178,1.0
00_Jazz2-110-Bb_solo_01.npz,solo,434,7,28,434,7,28,434.0,434.0,1.0,0.925,0.961038961038961,1.0,0.925,0.961038961038961,1.0
01_Rock1-130-A_comp_01.npz,comp,733,149,34,733,149,34,733.0,733.0,0.8435754189944135,0.9556962025316456,0.8961424332344213,0.8435754189944135,0.9556962025316456,0.8961424332344213,1.0
00_Funk1-114-Ab_solo_01.npz,solo,320,17,33,328,9,25,320.0,328.0,0.9180327868852459,0.8888888888888888,0.9032258064516129,0.9508196721311475,0.9206349206349206,0.9354838709677419,0.9655172413793104
03_BN2-166-Ab_comp_00.npz,comp,366,59,77,369,51,74,366.0,369.0,0.8016528925619835,0.8083333333333333,0.8049792531120332,0.8083333333333333,0.8083333333333333,0.8083333333333333,1.0
03_BN2-166-Ab_comp_03.npz,comp,458,58,61,458,58,61,458.0,458.0,0.8456375838926175,0.9,0.8719723183391004,0.8456375838926175,0.9,0.8719723183391004,1.0
03_Jazz3-137-Eb_comp_00.npz,comp,415,20,67,415,20,67,415.0,415.0,0.9560439560439561,0.8529411764705882,0.9015544041450777,0.9560439560439561,0.8529411764705882,0.9015544041450777,1.0
03_Rock3-117-Bb_solo_01.npz,solo,430,19,23,430,19,16,430.0,430.0,0.9764705882352941,0.9540229885057471,0.9651162790697675,0.9764705882352941,0.9651162790697675,0.9707602339181286,1.0
02_BN1-147-Gb_solo_02.npz,solo,190,35,7,190,35,7,190.0,190.0,0.7636363636363637,0.9767441860465116,0.8571428571428571,0.7636363636363637,0.9767441860465116,0.8571428571428571,1.0
02_BN1-129-Eb_comp_02.npz,comp,522,173,200,541,150,181,522.0,541.0,0.7847222222222222,0.7533333333333333,0.7687074829931972,0.8156028368794326,0.7666666666666667,0.7903780068728522,0.9826086956521739
00_Jazz2-110-Bb_solo_02.npz,solo,434,33,29,434,12,29,434.0,434.0,0.9615384615384616,0.9375,0.9493670886075949,1.0,0.95,0.9743589743589743,0.9868421052631579
05_BN1-129-Eb_comp_00.npz,comp,617,32,70,617,32,70,617.0,617.0,0.9603174603174603,0.8962962962962963,0.9272030651340997,0.9603174603174603,0.8962962962962963,0.9272030651340997,1.0
02_BN1-129-Eb_solo_00.npz,solo,225,4,1,225,4,1,225.0,225.0,0.9019607843137255,1.0,0.9484536082474226,0.9019607843137255,1.0,0.9484536082474226,1.0
00_Jazz2-110-Bb_solo_00.npz,solo,337,11,2,337,11,2,337.0,337.0,1.0,1.0,1.0,1.0,1.0,1.0,1.0
01_BN3-154-E_comp_00.npz,comp,509,64,65,509,64,65,509.0,509.0,0.875,0.8811188811188811,0.8780487804878049,0.875,0.8811188811188811,0.8780487804878049,1.0
02_BN1-147-Gb_comp_02.npz,comp,343,268,415,489,122,269,343.0,489.0,0.6068965517241379,0.49162011173184356,0.5432098765432098,0.8482758620689655,0.6871508379888268,0.7592592592592593,0.7154471544715447
02_Rock1-90-C#_comp_01.npz,comp,791,149,70,791,149,70,791.0,791.0,0.8091603053435115,0.8760330578512396,0.8412698412698413,0.8091603053435115,0.8760330578512396,0.8412698412698413,1.0
05_SS1-100-C#_comp_01.npz,comp,1112,189,77,1112,189,77,1112.0,1112.0,0.8428571428571429,0.9567567567567568,0.8962025316455696,0.8428571428571429,0.9567567567567568,0.8962025316455696,1.0
00_BN1-129-Eb_solo_02.npz,solo,305,44,9,305,44,9,305.0,305.0,0.8,0.875,0.835820895522388,0.8,0.875,0.835820895522388,1.0
02_BN3-154-E_solo_01.npz,solo,203,25,8,203,25,8,203.0,203.0,0.864406779661017,0.9444444444444444,0.9026548672566371,0.864406779661017,0.9444444444444444,0.9026548672566371,1.0
04_BN3-154-E_solo_01.npz,solo,190,9,19,190,9,19,190.0,190.0,0.9411764705882353,0.9411764705882353,0.9411764705882353,0.9411764705882353,0.9411764705882353,0.9411764705882353,1.0
04_SS1-68-E_solo_00.npz,solo,333,38,44,333,29,44,333.0,333.0,0.8636363636363636,0.9047619047619048,0.8837209302325582,0.8636363636363636,0.9047619047619048,0.8837209302325582,1.0
00_Funk1-114-Ab_comp_00.npz,comp,813,180,138,813,180,138,813.0,813.0,0.8306878306878307,0.8626373626373627,0.8463611859838275,0.8306878306878307,0.8626373626373627,0.8463611859838275,1.0
03_BN2-166-Ab_comp_01.npz,comp,440,42,29,440,42,29,440.0,440.0,0.8913043478260869,0.9609375,0.924812030075188,0.8913043478260869,0.9609375,0.924812030075188,1.0
01_BN3-154-E_solo_00.npz,solo,200,11,5,200,11,5,200.0,200.0,0.9803921568627451,0.9615384615384616,0.970873786407767,0.9803921568627451,0.9615384615384616,0.970873786407767,1.0
05_SS1-68-E_comp_02.npz,comp,1401,298,42,1401,298,42,1401.0,1401.0,0.7923497267759563,0.9415584415584416,0.8605341246290801,0.7923497267759563,0.9415584415584416,0.8605341246290801,1.0
01_BN1-129-Eb_comp_01.npz,comp,657,121,16,657,121,16,657.0,657.0,0.83125,0.9708029197080292,0.8956228956228957,0.83125,0.9708029197080292,0.8956228956228957,1.0
04_Rock1-130-A_solo_02.npz,solo,260,55,30,260,55,30,260.0,260.0,0.8,0.8888888888888888,0.8421052631578947,0.8,0.8888888888888888,0.8421052631578947,1.0
00_BN1-129-Eb_comp_00.npz,comp,882,77,97,882,77,97,882.0,882.0,0.9427083333333334,0.8786407766990292,0.9095477386934674,0.9427083333333334,0.8786407766990292,0.9095477386934674,1.0
05_BN3-154-E_solo_00.npz,solo,163,4,6,163,4,6,163.0,163.0,1.0,0.9534883720930233,0.9761904761904762,1.0,0.9534883720930233,0.9761904761904762,1.0
03_Rock3-117-Bb_comp_03.npz,comp,689,73,116,691,71,114,689.0,691.0,0.8993288590604027,0.8322981366459627,0.864516129032258,0.9060402684563759,0.8385093167701864,0.8709677419354839,0.9925925925925926
03_Rock1-130-A_solo_01.npz,solo,234,12,13,234,8,13,234.0,234.0,0.9814814814814815,0.9814814814814815,0.9814814814814815,0.9814814814814815,0.9814814814814815,0.9814814814814815,1.0
02_BN3-154-E_solo_02.npz,solo,218,41,9,218,41,9,218.0,218.0,0.803030303030303,0.9137931034482759,0.8548387096774194,0.803030303030303,0.9137931034482759,0.8548387096774194,1.0
03_BN2-166-Ab_comp_02.npz,comp,411,67,52,411,67,52,411.0,411.0,0.8015267175572519,0.8536585365853658,0.8267716535433071,0.8015267175572519,0.8536585365853658,0.8267716535433071,1.0
03_BN2-166-Ab_solo_03.npz,solo,182,28,19,185,25,11,182.0,185.0,0.8793103448275862,0.9444444444444444,0.9107142857142857,0.896551724137931,0.9811320754716981,0.9369369369369369,0.9807692307692307
04_Funk3-98-A_comp_03.npz,comp,784,174,100,784,174,100,784.0,784.0,0.7945205479452054,0.8721804511278195,0.8315412186379928,0.7945205479452054,0.8721804511278195,0.8315412186379928,1.0
02_BN1-129-Eb_solo_01.npz,solo,268,27,48,278,17,38,268.0,278.0,0.9032258064516129,0.8615384615384616,0.8818897637795275,0.9354838709677419,0.8923076923076924,0.9133858267716536,0.9655172413793104
03_BN2-166-Ab_solo_00.npz,solo,144,3,6,144,3,6,144.0,144.0,0.975,1.0,0.9873417721518988,0.975,1.0,0.9873417721518988,1.0
01_BN1-129-Eb_comp_00.npz,comp,446,112,10,446,112,10,446.0,446.0,0.7982456140350878,0.9891304347826086,0.883495145631068,0.7982456140350878,0.9891304347826086,0.883495145631068,1.0
04_Rock1-130-A_solo_00.npz,solo,141,28,51,137,28,34,141.0,137.0,0.8,0.7567567567567568,0.7777777777777778,0.8,0.8484848484848485,0.8235294117647058,1.0
00_Rock1-130-A_comp_02.npz,comp,1210,256,322,1210,256,322,1210.0,1210.0,0.8039867109634552,0.75625,0.7793880837359098,0.8039867109634552,0.75625,0.7793880837359098,1.0
01_Rock1-130-A_solo_00.npz,solo,178,53,10,178,53,10,178.0,178.0,0.78,1.0,0.8764044943820225,0.78,1.0,0.8764044943820225,1.0
04_BN3-154-E_comp_01.npz,comp,120,349,361,120,349,361,120.0,120.0,0.25,0.2542372881355932,0.25210084033613445,0.25,0.2542372881355932,0.25210084033613445,1.0
01_Funk2-119-G_comp_00.npz,comp,337,105,58,337,105,58,337.0,337.0,0.7888888888888889,0.8452380952380952,0.8160919540229885,0.7888888888888889,0.8452380952380952,0.8160919540229885,1.0
03_Rock1-130-A_comp_00.npz,comp,471,267,139,471,267,139,471.0,471.0,0.5911949685534591,0.746031746031746,0.6596491228070176,0.5911949685534591,0.746031746031746,0.6596491228070176,1.0
05_BN1-129-Eb_comp_01.npz,comp,651,80,83,651,80,83,651.0,651.0,0.8896551724137931,0.9148936170212766,0.9020979020979021,0.8896551724137931,0.9148936170212766,0.9020979020979021,1.0
00_Rock1-130-A_comp_01.npz,comp,1135,218,170,1135,218,170,1135.0,1135.0,0.8505338078291815,0.8851851851851852,0.867513611615245,0.8505338078291815,0.8851851851851852,0.867513611615245,1.0
04_BN3-154-E_comp_00.npz,comp,315,280,225,322,273,218,315.0,322.0,0.5761589403973509,0.6258992805755396,0.6,0.5894039735099338,0.6402877697841727,0.6137931034482759,0.9775280898876404
05_BN3-154-E_solo_01.npz,solo,184,21,5,184,21,5,184.0,184.0,0.8461538461538461,0.9777777777777777,0.9072164948453608,0.8461538461538461,0.9777777777777777,0.9072164948453608,1.0
01_BN3-119-G_solo_02.npz,solo,233,29,26,233,29,26,233.0,233.0,0.9019607843137255,0.9583333333333334,0.9292929292929293,0.9019607843137255,0.9583333333333334,0.9292929292929293,1.0
04_Funk3-98-A_comp_01.npz,comp,725,120,100,725,120,100,725.0,725.0,0.940677966101695,0.9098360655737705,0.925,0.940677966101695,0.9098360655737705,0.925,1.0
03_Funk1-114-Ab_solo_01.npz,solo,207,37,3,207,37,3,207.0,207.0,0.8163265306122449,1.0,0.898876404494382,0.8163265306122449,1.0,0.898876404494382,1.0
00_Rock1-130-A_comp_00.npz,comp,1284,166,138,1284,166,138,1284.0,1284.0,0.869281045751634,0.9236111111111112,0.8956228956228957,0.869281045751634,0.9236111111111112,0.8956228956228957,1.0
03_Funk1-114-Ab_comp_00.npz,comp,565,49,93,565,49,93,565.0,565.0,0.9130434782608695,0.8267716535433071,0.8677685950413223,0.9130434782608695,0.8267716535433071,0.8677685950413223,1.0
05_Funk1-114-Ab_comp_02.npz,comp,557,108,90,557,108,90,557.0,557.0,0.8074074074074075,0.9008264462809917,0.8515625,0.8074074074074075,0.9008264462809917,0.8515625,1.0
04_BN3-154-E_solo_00.npz,solo,169,27,45,173,23,25,169.0,173.0,0.8461538461538461,0.7857142857142857,0.8148148148148148,0.8653846153846154,0.8653846153846154,0.8653846153846154,0.9777777777777777
02_BN3-154-E_comp_01.npz,comp,709,88,64,709,88,64,709.0,709.0,0.8928571428571429,0.9259259259259259,0.9090909090909091,0.8928571428571429,0.9259259259259259,0.9090909090909091,1.0
00_Funk1-114-Ab_solo_00.npz,solo,355,19,25,355,19,25,355.0,355.0,0.927536231884058,0.9411764705882353,0.9343065693430657,0.927536231884058,0.9411764705882353,0.9343065693430657,1.0
03_Funk2-108-Eb_solo_03.npz,solo,241,25,32,241,25,32,241.0,241.0,0.9375,0.9,0.9183673469387755,0.9375,0.9,0.9183673469387755,1.0
03_Jazz1-130-D_solo_02.npz,solo,249,16,10,249,16,10,249.0,249.0,0.8392857142857143,0.9215686274509803,0.8785046728971962,0.8392857142857143,0.9215686274509803,0.8785046728971962,1.0
02_BN1-129-Eb_comp_01.npz,comp,595,127,133,596,126,132,595.0,596.0,0.7960526315789473,0.8231292517006803,0.8093645484949833,0.7960526315789473,0.8231292517006803,0.8093645484949833,1.0
04_Funk3-98-A_solo_03.npz,solo,285,48,59,299,32,45,285.0,299.0,0.803921568627451,0.803921568627451,0.803921568627451,0.86,0.8431372549019608,0.8514851485148515,0.9534883720930233
03_Rock1-130-A_solo_02.npz,solo,259,5,14,259,5,14,259.0,259.0,0.9824561403508771,0.9655172413793104,0.9739130434782609,0.9824561403508771,0.9655172413793104,0.9739130434782609,1.0
01_Jazz1-200-B_comp_01.npz,comp,368,31,76,368,31,76,368.0,368.0,0.9508196721311475,0.8226950354609929,0.8821292775665399,0.9508196721311475,0.8226950354609929,0.8821292775665399,1.0
01_Funk2-119-G_comp_02.npz,comp,357,69,54,361,65,50,357.0,361.0,0.7884615384615384,0.8817204301075269,0.8324873096446701,0.7980769230769231,0.8924731182795699,0.8426395939086294,0.9879518072289156
05_SS1-100-C#_comp_02.npz,comp,1134,194,51,1134,194,51,1134.0,1134.0,0.8443396226415094,0.9675675675675676,0.9017632241813602,0.8443396226415094,0.9675675675675676,0.9017632241813602,1.0
01_Rock1-130-A_solo_01.npz,solo,258,38,44,258,38,44,258.0,258.0,0.9166666666666666,0.9016393442622951,0.9090909090909091,0.9166666666666666,0.9016393442622951,0.9090909090909091,1.0
03_Rock3-117-Bb_solo_00.npz,solo,272,19,17,272,19,17,272.0,272.0,0.9642857142857143,0.9473684210526315,0.9557522123893806,0.9642857142857143,0.9473684210526315,0.9557522123893806,1.0
02_BN1-129-Eb_solo_02.npz,solo,228,40,19,228,40,19,228.0,228.0,0.85,0.9444444444444444,0.8947368421052632,0.85,0.9444444444444444,0.8947368421052632,1.0
02_BN3-154-E_comp_02.npz,comp,663,99,145,663,99,145,663.0,663.0,0.8924731182795699,0.8383838383838383,0.8645833333333334,0.8924731182795699,0.8383838383838383,0.8645833333333334,1.0
04_BN3-154-E_solo_03.npz,solo,176,32,3,176,32,3,176.0,176.0,0.7818181818181819,0.9772727272727273,0.8686868686868687,0.7818181818181819,0.9772727272727273,0.8686868686868687,1.0
05_SS1-68-E_solo_02.npz,solo,382,57,29,384,54,22,382.0,384.0,0.8604651162790697,0.8604651162790697,0.8604651162790697,0.8604651162790697,0.8809523809523809,0.8705882352941177,1.0
04_Rock1-130-A_comp_01.npz,comp,436,124,230,436,122,230,436.0,436.0,0.7815126050420168,0.6413793103448275,0.7045454545454546,0.7815126050420168,0.6413793103448275,0.7045454545454546,1.0
03_BN1-129-Eb_comp_00.npz,comp,679,59,21,679,59,21,679.0,679.0,0.9530201342281879,0.993006993006993,0.9726027397260274,0.9530201342281879,0.993006993006993,0.9726027397260274,1.0
00_BN1-129-Eb_solo_00.npz,solo,510,47,98,510,47,82,510.0,510.0,0.9380530973451328,0.848,0.8907563025210085,0.9380530973451328,0.8688524590163934,0.902127659574468,1.0
03_Jazz1-130-D_solo_01.npz,solo,217,27,12,217,27,12,217.0,217.0,0.7924528301886793,0.9545454545454546,0.865979381443299,0.7924528301886793,0.9545454545454546,0.865979381443299,1.0
05_BN3-154-E_comp_03.npz,comp,587,62,47,587,62,47,587.0,587.0,0.8802395209580839,0.9363057324840764,0.9074074074074074,0.8802395209580839,0.9363057324840764,0.9074074074074074,1.0
00_BN1-129-Eb_solo_01.npz,solo,302,78,135,326,52,111,302.0,326.0,0.7922077922077922,0.6630434782608695,0.7218934911242604,0.8441558441558441,0.7065217391304348,0.7692307692307693,0.9384615384615385
01_BN3-119-G_solo_00.npz,solo,275,19,28,275,19,28,275.0,275.0,0.9655172413793104,0.9333333333333333,0.9491525423728814,0.9655172413793104,0.9333333333333333,0.9491525423728814,1.0
05_BN1-129-Eb_solo_01.npz,solo,216,2,3,216,2,3,216.0,216.0,0.9361702127659575,0.9777777777777777,0.9565217391304348,0.9361702127659575,0.9777777777777777,0.9565217391304348,1.0
01_BN3-119-G_solo_01.npz,solo,312,7,9,312,7,9,312.0,312.0,0.9838709677419355,0.9838709677419355,0.9838709677419355,0.9838709677419355,0.9838709677419355,0.9838709677419355,1.0
00_BN1-129-Eb_comp_02.npz,comp,543,79,110,543,79,110,543.0,543.0,0.823076923076923,0.7867647058823529,0.8045112781954887,0.823076923076923,0.7867647058823529,0.8045112781954887,1.0
02_BN3-154-E_solo_00.npz,solo,188,26,5,188,26,5,188.0,188.0,0.8571428571428571,0.96,0.9056603773584906,0.8571428571428571,0.96,0.9056603773584906,1.0
00_Rock1-130-A_solo_00.npz,solo,73,290,214,257,93,30,73.0,257.0,0.23684210526315788,0.29508196721311475,0.26277372262773724,0.7671232876712328,0.9180327868852459,0.835820895522388,0.32142857142857145
00_Jazz2-110-Bb_comp_01.npz,comp,942,203,99,942,203,99,942.0,942.0,0.7815533980582524,0.8846153846153846,0.8298969072164949,0.7815533980582524,0.8846153846153846,0.8298969072164949,1.0
01_BN3-154-E_solo_03.npz,solo,280,6,27,280,6,27,280.0,280.0,0.918918918918919,0.9066666666666666,0.912751677852349,0.918918918918919,0.9066666666666666,0.912751677852349,1.0
04_BN3-154-E_comp_03.npz,comp,117,320,272,117,320,272,117.0,117.0,0.2672413793103448,0.34065934065934067,0.2995169082125604,0.2672413793103448,0.34065934065934067,0.2995169082125604,1.0
03_Jazz3-137-Eb_comp_01.npz,comp,320,57,117,326,51,111,320.0,326.0,0.7710843373493976,0.7111111111111111,0.7398843930635838,0.7831325301204819,0.7222222222222222,0.7514450867052023,0.9846153846153847
00_Rock1-130-A_solo_02.npz,solo,277,33,51,296,14,32,277.0,296.0,0.8787878787878788,0.8529411764705882,0.8656716417910447,0.9393939393939394,0.9117647058823529,0.9253731343283582,0.9354838709677419
00_Jazz2-110-Bb_comp_03.npz,comp,1234,49,157,1237,46,154,1234.0,1237.0,0.9282511210762332,0.8697478991596639,0.8980477223427332,0.9327354260089686,0.8739495798319328,0.9023861171366594,0.9951923076923077
03_Jazz3-137-Eb_solo_02.npz,solo,160,19,14,160,15,6,160.0,160.0,0.8974358974358975,0.9459459459459459,0.9210526315789473,0.8974358974358975,0.9722222222222222,0.9333333333333333,1.0
03_Funk2-108-Eb_solo_01.npz,solo,237,18,46,237,18,36,237.0,237.0,0.7659574468085106,0.8372093023255814,0.8,0.7659574468085106,0.8571428571428571,0.8089887640449438,1.0
00_Funk1-114-Ab_solo_02.npz,solo,357,67,74,357,67,69,357.0,357.0,0.8607594936708861,0.8947368421052632,0.8774193548387097,0.8607594936708861,0.9066666666666666,0.8831168831168831,1.0
