file,subset,frame_p,frame_r,frame_f1,note_p,note_r,note_f1,frame_F0_p,frame_F0_r,frame_F0_f1,note_F0_p,note_F0_r,note_F0_f1,frame_tdr,note_tdr,frame_tp,frame_fp,frame_fn,note_tp,note_fp,note_fn,frameF0_tp,frameF0_fp,frameF0_fn,noteF0_tp,noteF0_fp,noteF0_fn
04_Rock1-130-A_solo_01.npz,solo,0.8598484848484849,0.7747440273037542,0.8150807899461401,0.7924528301886793,0.7368421052631579,0.7636363636363637,0.8769230769230769,0.7781569965870307,0.8245931283905967,0.7924528301886793,0.7368421052631579,0.7636363636363637,0.9956140350877193,1.0,227,37,66,42,11,15,228,32,65,42,11,15
03_Funk1-114-Ab_solo_02.npz,solo,0.9013605442176871,0.8229813664596274,0.8603896103896104,0.7931034482758621,0.7796610169491526,0.7863247863247863,0.928082191780822,0.8416149068322981,0.8827361563517915,0.8103448275862069,0.7966101694915254,0.8034188034188035,0.977859778597786,0.9787234042553191,265,29,57,46,12,13,271,21,51,47,11,12
01_Jazz3-150-C_solo_00.npz,solo,0.9434782608695652,0.9313304721030042,0.937365010799136,0.9245283018867925,0.9423076923076923,0.9333333333333333,0.9434782608695652,0.9313304721030042,0.937365010799136,0.9245283018867925,0.9423076923076923,0.9333333333333333,1.0,1.0,217,13,16,49,4,3,217,13,16,49,4,3
03_Funk2-108-Eb_solo_00.npz,solo,0.9188034188034188,0.8634538152610441,0.8902691511387164,0.8536585365853658,0.8974358974358975,0.875,0.9188034188034188,0.9033613445378151,0.9110169491525424,0.8536585365853658,0.9459459459459459,0.8974358974358975,1.0,1.0,215,19,34,35,6,4,215,19,23,35,6,2
01_BN3-119-G_solo_03.npz,solo,0.8446601941747572,0.8529411764705882,0.848780487804878,0.7936507936507936,0.8771929824561403,0.8333333333333334,0.9478827361563518,0.9509803921568627,0.9494290375203915,0.9193548387096774,1.0,0.957983193277311,0.8969072164948454,0.8771929824561403,261,48,45,50,13,7,291,16,15,57,5,0
03_Jazz1-130-D_comp_02.npz,comp,0.8507795100222717,0.8162393162393162,0.8331515812431843,0.7978723404255319,0.8064516129032258,0.8021390374331551,0.8507795100222717,0.8162393162393162,0.8331515812431843,0.7978723404255319,0.8064516129032258,0.8021390374331551,1.0,1.0,382,67,86,75,19,18,382,67,86,75,19,18
03_Jazz3-137-Eb_solo_03.npz,solo,0.9457364341085271,0.8970588235294118,0.9207547169811321,0.8064516129032258,0.8620689655172413,0.8333333333333334,0.9728682170542635,0.9227941176470589,0.9471698113207547,0.8387096774193549,0.896551724137931,0.8666666666666667,0.9721115537848606,0.9615384615384616,244,14,28,50,12,8,251,7,21,52,10,6
03_BN1-129-Eb_solo_02.npz,solo,0.9201520912547528,0.9603174603174603,0.9398058252427185,0.8888888888888888,0.96,0.9230769230769231,0.9575289575289575,0.9841269841269841,0.9706457925636007,0.9259259259259259,1.0,0.9615384615384616,0.9758064516129032,0.96,242,21,10,48,6,2,248,11,4,50,4,0
04_SS1-68-E_comp_00.npz,comp,0.8920230512587201,0.8797487286868082,0.8858433734939759,0.9234972677595629,0.9575070821529745,0.9401947148817803,0.9213960546282246,0.9144578313253012,0.9179138321995465,0.9262295081967213,0.9630681818181818,0.9442896935933147,0.9687088274044796,0.9970501474926253,2941,356,402,338,28,15,3036,259,284,339,27,13
04_Funk3-98-A_comp_00.npz,comp,0.9108635097493036,0.8873812754409769,0.8989690721649485,0.864406779661017,0.9026548672566371,0.8831168831168831,0.9108635097493036,0.8873812754409769,0.8989690721649485,0.864406779661017,0.9026548672566371,0.8831168831168831,1.0,1.0,654,64,83,102,16,11,654,64,83,102,16,11
00_BN1-129-Eb_comp_01.npz,comp,0.7870722433460076,0.7554744525547445,0.770949720670391,0.7721518987341772,0.7052023121387283,0.7371601208459214,0.8604954367666232,0.8029197080291971,0.8307111390811831,0.8627450980392157,0.7630057803468208,0.8098159509202454,0.9409090909090909,0.9242424242424242,621,168,201,122,36,51,660,107,162,132,21,41
03_Rock3-117-Bb_comp_00.npz,comp,0.8003048780487805,0.8027522935779816,0.8015267175572519,0.8188976377952756,0.8253968253968254,0.8221343873517787,0.8878648233486943,0.8837920489296636,0.885823754789272,0.9047619047619048,0.9047619047619048,0.9047619047619048,0.9083044982698962,0.9122807017543859,525,131,129,104,23,22,578,73,76,114,12,12
01_Jazz3-150-C_comp_02.npz,comp,0.7837837837837838,0.703030303030303,0.7412140575079872,0.7121212121212122,0.6103896103896104,0.6573426573426573,0.856655290102389,0.7606060606060606,0.8057784911717496,0.803030303030303,0.6883116883116883,0.7412587412587412,0.9243027888446215,0.8867924528301887,232,64,98,47,19,30,251,42,79,53,13,24
01_Jazz3-150-C_comp_03.npz,comp,0.8363095238095238,0.7805555555555556,0.8074712643678161,0.7654320987654321,0.7654320987654321,0.7654320987654321,0.8452380952380952,0.7888888888888889,0.8160919540229885,0.7654320987654321,0.7654320987654321,0.7654320987654321,0.9894366197183099,1.0,281,55,79,62,19,19,284,52,76,62,19,19
03_BN1-129-Eb_solo_01.npz,solo,0.929368029739777,0.9363295880149812,0.9328358208955224,0.8947368421052632,0.9272727272727272,0.9107142857142857,0.9591078066914498,0.9662921348314607,0.9626865671641791,0.9298245614035088,0.9636363636363636,0.9464285714285714,0.9689922480620154,0.9622641509433962,250,19,17,51,6,4,258,11,9,53,4,2
03_Jazz1-130-D_solo_00.npz,solo,0.8595744680851064,0.926605504587156,0.891832229580574,0.7450980392156863,0.926829268292683,0.8260869565217391,0.9464285714285714,0.9724770642201835,0.9592760180995475,0.8163265306122449,0.975609756097561,0.8888888888888888,0.9528301886792453,0.95,202,33,16,38,13,3,212,12,6,40,9,1
00_Funk1-114-Ab_comp_01.npz,comp,0.7920454545454545,0.8011494252873563,0.7965714285714286,0.8034682080924855,0.8224852071005917,0.8128654970760234,0.7920454545454545,0.8011494252873563,0.7965714285714286,0.8034682080924855,0.8224852071005917,0.8128654970760234,1.0,1.0,697,183,173,139,34,30,697,183,173,139,34,30
05_BN3-154-E_solo_03.npz,solo,0.7359307359307359,0.9090909090909091,0.8133971291866029,0.6071428571428571,0.8292682926829268,0.7010309278350515,0.782608695652174,0.9625668449197861,0.8633093525179856,0.6428571428571429,0.8780487804878049,0.7422680412371134,0.9444444444444444,0.9444444444444444,170,61,17,34,22,7,180,50,7,36,20,5
03_Rock3-117-Bb_comp_02.npz,comp,0.925414364640884,0.9190672153635117,0.9222298692360633,0.9290780141843972,0.9097222222222222,0.9192982456140351,0.925414364640884,0.9190672153635117,0.9222298692360633,0.9290780141843972,0.9097222222222222,0.9192982456140351,1.0,1.0,670,54,59,131,10,13,670,54,59,131,10,13
04_Rock1-130-A_comp_02.npz,comp,0.39377289377289376,0.3166421207658321,0.3510204081632653,0.4152542372881356,0.3310810810810811,0.3684210526315789,0.9612403100775194,0.7503782148260212,0.842820730671198,0.9734513274336283,0.7692307692307693,0.859375,0.4334677419354839,0.44545454545454544,215,331,464,49,69,99,496,20,165,110,3,33
05_Funk1-114-Ab_solo_02.npz,solo,0.6690647482014388,0.7948717948717948,0.7265625,0.5454545454545454,0.5454545454545454,0.5454545454545454,0.6690647482014388,0.7948717948717948,0.7265625,0.5454545454545454,0.5454545454545454,0.5454545454545454,1.0,1.0,93,46,24,12,10,10,93,46,24,12,10,10
00_Jazz2-110-Bb_comp_00.npz,comp,0.7353383458646616,0.7622759158222915,0.748564867967853,0.729957805907173,0.7972350230414746,0.762114537444934,0.7353383458646616,0.7622759158222915,0.748564867967853,0.729957805907173,0.7972350230414746,0.762114537444934,1.0,1.0,978,352,305,173,64,44,978,352,305,173,64,44
05_BN3-154-E_comp_00.npz,comp,0.8674418604651163,0.6881918819188192,0.7674897119341564,0.8928571428571429,0.7751937984496124,0.8298755186721992,0.9462616822429907,0.7472324723247232,0.8350515463917526,0.9464285714285714,0.8217054263565892,0.8796680497925311,0.9209876543209876,0.9433962264150944,373,57,169,100,12,29,405,23,137,106,6,23
01_Jazz1-200-B_solo_00.npz,solo,0.8647058823529412,0.9130434782608695,0.8882175226586103,0.9074074074074074,0.9074074074074074,0.9074074074074074,0.8647058823529412,0.9130434782608695,0.8882175226586103,0.9074074074074074,0.9074074074074074,0.9074074074074074,1.0,1.0,147,23,14,49,5,5,147,23,14,49,5,5
02_BN1-147-Gb_solo_01.npz,solo,0.9608938547486033,0.8958333333333334,0.9272237196765498,0.9761904761904762,0.9111111111111111,0.9425287356321839,0.9608938547486033,0.8958333333333334,0.9272237196765498,0.9761904761904762,0.9111111111111111,0.9425287356321839,1.0,1.0,172,7,20,41,1,4,172,7,20,41,1,4
00_Jazz2-110-Bb_solo_03.npz,solo,0.935656836461126,0.9136125654450262,0.9245033112582781,0.9402985074626866,0.9545454545454546,0.9473684210526315,0.935656836461126,0.9136125654450262,0.9245033112582781,0.9402985074626866,0.9545454545454546,0.9473684210526315,1.0,1.0,349,24,33,63,4,3,349,24,33,63,4,3
01_Jazz3-150-C_solo_03.npz,solo,0.91701244813278,0.9246861924686193,0.9208333333333333,0.8070175438596491,0.8363636363636363,0.8214285714285714,0.91701244813278,0.9246861924686193,0.9208333333333333,0.8070175438596491,0.8363636363636363,0.8214285714285714,1.0,1.0,221,20,18,46,11,9,221,20,18,46,11,9
01_BN3-119-G_comp_03.npz,comp,0.8141135972461274,0.8226086956521739,0.8183391003460208,0.7967479674796748,0.8828828828828829,0.8376068376068376,0.8426573426573427,0.8382608695652174,0.8404533565823888,0.8032786885245902,0.8828828828828829,0.8412017167381974,0.9813278008298755,1.0,473,108,102,98,25,13,482,90,93,98,24,13
04_Funk3-98-A_solo_02.npz,solo,0.9013605442176871,0.9464285714285714,0.9233449477351916,0.8958333333333334,0.9772727272727273,0.9347826086956522,0.9013605442176871,0.9464285714285714,0.9233449477351916,0.8958333333333334,0.9772727272727273,0.9347826086956522,1.0,1.0,265,29,15,43,5,1,265,29,15,43,5,1
04_SS1-68-E_comp_02.npz,comp,0.9215563225604017,0.9501779359430605,0.9356482956355527,0.9321533923303835,0.9604863221884499,0.9461077844311377,0.9375204448806019,0.9620678079892582,0.949635520212061,0.9415384615384615,0.9622641509433962,0.9517884914463453,1.0247732030704815,1.0326797385620916,2937,250,154,316,23,13,2866,191,113,306,19,12
03_BN1-129-Eb_solo_00.npz,solo,0.9425837320574163,0.9380952380952381,0.9403341288782816,0.9361702127659575,0.9361702127659575,0.9361702127659575,0.9425837320574163,0.9380952380952381,0.9403341288782816,0.9361702127659575,0.9361702127659575,0.9361702127659575,1.0,1.0,197,12,13,44,3,3,197,12,13,44,3,3
01_Jazz1-200-B_comp_02.npz,comp,0.532394366197183,0.42567567567567566,0.47309136420525655,0.5126050420168067,0.4357142857142857,0.47104247104247104,0.895774647887324,0.7162162162162162,0.7959949937421777,0.8739495798319328,0.7428571428571429,0.803088803088803,0.5943396226415094,0.5865384615384616,189,166,255,61,58,79,318,37,126,104,15,36
03_BN1-129-Eb_comp_01.npz,comp,0.8873626373626373,0.95,0.9176136363636364,0.85,0.9645390070921985,0.9036544850498339,0.8873626373626373,0.95,0.9176136363636364,0.85,0.9645390070921985,0.9036544850498339,1.0,1.0,646,82,34,136,24,5,646,82,34,136,24,5
01_BN3-154-E_comp_03.npz,comp,0.8338323353293413,0.837593984962406,0.8357089272318079,0.8461538461538461,0.8048780487804879,0.825,0.8678678678678678,0.869172932330827,0.8685199098422239,0.8717948717948718,0.8292682926829268,0.85,0.9636678200692042,0.9705882352941176,557,111,108,132,24,32,578,88,87,136,20,28
05_SS1-68-E_solo_00.npz,solo,0.7245119305856833,0.943502824858757,0.8196319018404908,0.7346938775510204,0.9,0.8089887640449438,0.7331887201735358,0.9548022598870056,0.8294478527607362,0.7346938775510204,0.9,0.8089887640449438,0.9881656804733728,1.0,334,127,20,36,13,4,338,123,16,36,13,4
02_Rock1-90-C#_solo_02.npz,solo,0.7813765182186235,0.7338403041825095,0.7568627450980392,0.7777777777777778,0.7272727272727273,0.7516778523489933,0.9227557411273486,0.8403041825095057,0.8796019900497513,0.927536231884058,0.8311688311688312,0.8767123287671232,0.8733031674208145,0.875,386,108,140,56,16,21,442,37,84,64,5,13
01_Jazz3-150-C_comp_00.npz,comp,0.7624521072796935,0.7056737588652482,0.7329650092081031,0.7846153846153846,0.6986301369863014,0.7391304347826086,0.8531746031746031,0.7624113475177305,0.8052434456928839,0.890625,0.7808219178082192,0.8321167883211679,0.9255813953488372,0.8947368421052632,199,62,83,51,14,22,215,37,67,57,7,16
00_Jazz2-110-Bb_comp_02.npz,comp,0.8399443284620738,0.9034431137724551,0.8705373241976199,0.8181818181818182,0.915929203539823,0.8643006263048016,0.8448637316561844,0.9049401197604791,0.8738706179978316,0.8181818181818182,0.915929203539823,0.8643006263048016,0.9983457402812241,1.0,1207,230,129,207,46,19,1209,222,127,207,46,19
01_Funk2-119-G_comp_03.npz,comp,0.6975169300225733,0.7923076923076923,0.7418967587034814,0.6923076923076923,0.8888888888888888,0.7783783783783784,0.746031746031746,0.8435897435897436,0.7918170878459687,0.7019230769230769,0.9012345679012346,0.7891891891891892,0.939209726443769,0.9863013698630136,309,134,81,72,32,9,329,112,61,73,31,8
03_Funk1-114-Ab_comp_02.npz,comp,0.652542372881356,0.4463768115942029,0.5301204819277109,0.4789915966386555,0.4453125,0.46153846153846156,0.8895966029723992,0.6072463768115942,0.7217915590008613,0.7647058823529411,0.7109375,0.7368421052631579,0.7350835322195705,0.6263736263736264,308,164,382,57,62,71,419,52,271,91,28,37
03_Rock1-130-A_solo_00.npz,solo,0.6476683937823834,0.946969696969697,0.7692307692307693,0.6923076923076923,0.9310344827586207,0.7941176470588235,0.7440476190476191,0.946969696969697,0.8333333333333334,0.75,0.9310344827586207,0.8307692307692308,1.0,1.0,125,68,7,27,12,2,125,43,7,27,9,2
01_Jazz1-200-B_comp_00.npz,comp,0.09433962264150944,0.07337526205450734,0.08254716981132075,0.029411764705882353,0.027210884353741496,0.028268551236749116,0.8319559228650137,0.6331236897274634,0.719047619047619,0.7481481481481481,0.6870748299319728,0.7163120567375887,0.11589403973509933,0.039603960396039604,35,336,442,4,132,143,302,61,175,101,34,46
03_Funk2-108-Eb_comp_02.npz,comp,0.9191780821917809,0.8736979166666666,0.8958611481975968,0.957983193277311,0.8260869565217391,0.8871595330739299,0.9191780821917809,0.8736979166666666,0.8958611481975968,0.957983193277311,0.8260869565217391,0.8871595330739299,1.0,1.0,671,59,97,114,5,24,671,59,97,114,5,24
01_Jazz1-200-B_solo_01.npz,solo,0.8351063829787234,0.8532608695652174,0.8440860215053764,0.8253968253968254,0.8524590163934426,0.8387096774193549,0.8351063829787234,0.8532608695652174,0.8440860215053764,0.8253968253968254,0.8524590163934426,0.8387096774193549,1.0,1.0,157,31,27,52,11,9,157,31,27,52,11,9
02_BN1-147-Gb_comp_00.npz,comp,0.025196850393700787,0.02040816326530612,0.02255109231853418,0.018867924528301886,0.016483516483516484,0.017595307917888565,0.9165354330708662,0.7423469387755102,0.8202959830866807,0.9182389937106918,0.8021978021978022,0.8563049853372434,0.027491408934707903,0.02054794520547945,16,619,768,3,156,179,582,53,202,146,13,36
02_Rock1-90-C#_comp_02.npz,comp,0.7683363148479427,0.7329351535836177,0.7502183406113537,0.7361963190184049,0.718562874251497,0.7272727272727273,0.7737030411449016,0.7541412380122058,0.7637969094922737,0.7361963190184049,0.7317073170731707,0.7339449541284404,0.9930635838150289,1.0,859,259,313,120,43,47,865,253,282,120,43,44
01_Funk2-119-G_solo_02.npz,solo,0.8860294117647058,0.77491961414791,0.8267581475128645,0.8387096774193549,0.8387096774193549,0.8387096774193549,0.8860294117647058,0.77491961414791,0.8267581475128645,0.8387096774193549,0.8387096774193549,0.8387096774193549,1.0,1.0,241,31,70,52,10,10,241,31,70,52,10,10
02_BN3-154-E_comp_03.npz,comp,0.84375,0.7724795640326976,0.8065433854907539,0.8424242424242424,0.7513513513513513,0.7942857142857143,0.8539493293591655,0.7806539509536785,0.8156583629893238,0.8484848484848485,0.7567567567567568,0.8,0.9895287958115183,0.9928571428571429,567,105,167,139,26,46,573,98,161,140,25,45
01_BN3-154-E_comp_01.npz,comp,0.8202764976958525,0.9222797927461139,0.8682926829268293,0.7678571428571429,0.9416058394160584,0.8459016393442623,0.8202764976958525,0.9222797927461139,0.8682926829268293,0.7678571428571429,0.9416058394160584,0.8459016393442623,1.0,1.0,534,117,45,129,39,8,534,117,45,129,39,8
04_SS1-68-E_solo_01.npz,solo,0.8236434108527132,0.8947368421052632,0.8577194752774975,0.8392857142857143,0.9215686274509803,0.8785046728971962,0.8346303501945526,0.959731543624161,0.8928199791883454,0.8571428571428571,0.9795918367346939,0.9142857142857143,0.9906759906759907,0.9791666666666666,425,91,50,47,9,4,429,85,18,48,8,1
03_Jazz3-137-Eb_solo_00.npz,solo,0.9397590361445783,0.936,0.9378757515030061,0.875,0.9423076923076923,0.9074074074074074,0.9397590361445783,0.936,0.9378757515030061,0.875,0.9423076923076923,0.9074074074074074,1.0,1.0,234,15,16,49,7,3,234,15,16,49,7,3
01_Rock1-130-A_solo_02.npz,solo,0.7561837455830389,0.7781818181818182,0.7670250896057348,0.8064516129032258,0.847457627118644,0.8264462809917356,0.7992831541218638,0.832089552238806,0.8153564899451554,0.8387096774193549,0.896551724137931,0.8666666666666667,0.9596412556053812,0.9615384615384616,214,69,61,50,12,9,223,56,45,52,10,6
03_Jazz3-137-Eb_comp_03.npz,comp,0.7822410147991543,0.6491228070175439,0.7094918504314478,0.7766990291262136,0.6837606837606838,0.7272727272727273,0.8985200845665962,0.7456140350877193,0.8149568552253116,0.8155339805825242,0.717948717948718,0.7636363636363637,0.8705882352941177,0.9523809523809523,370,103,200,80,23,37,425,48,145,84,19,33
01_BN3-119-G_comp_00.npz,comp,0.8943298969072165,0.8301435406698564,0.8610421836228288,0.8780487804878049,0.8780487804878049,0.8780487804878049,0.8943298969072165,0.8301435406698564,0.8610421836228288,0.8780487804878049,0.8780487804878049,0.8780487804878049,1.0,1.0,347,41,71,72,10,10,347,41,71,72,10,10
01_BN1-129-Eb_solo_00.npz,solo,0.9618320610687023,0.972972972972973,0.9673704414587332,0.9642857142857143,0.9818181818181818,0.972972972972973,0.9618320610687023,0.972972972972973,0.9673704414587332,0.9818181818181818,0.9818181818181818,0.9818181818181818,1.0,1.0,252,10,7,54,2,1,252,10,7,54,1,1
01_Jazz3-150-C_solo_01.npz,solo,0.9126637554585153,0.9247787610619469,0.9186813186813186,0.8947368421052632,0.9107142857142857,0.9026548672566371,0.9126637554585153,0.9247787610619469,0.9186813186813186,0.8947368421052632,0.9107142857142857,0.9026548672566371,1.0,1.0,209,20,17,51,6,5,209,20,17,51,6,5
05_SS1-68-E_solo_01.npz,solo,0.7605633802816901,0.8766233766233766,0.8144796380090498,0.675,0.7714285714285715,0.72,0.7605633802816901,0.8766233766233766,0.8144796380090498,0.675,0.7714285714285715,0.72,1.0,1.0,270,85,38,27,13,8,270,85,38,27,13,8
04_Funk3-98-A_comp_02.npz,comp,0.7638248847926268,0.7978339350180506,0.7804590935844614,0.7172413793103448,0.8,0.7563636363636363,0.8663594470046083,0.9049338146811071,0.885226603884638,0.8206896551724138,0.9153846153846154,0.8654545454545455,0.8816489361702128,0.8739495798319328,663,205,168,104,41,26,752,116,79,119,26,11
03_Rock3-117-Bb_solo_03.npz,solo,0.8816425120772947,0.9263959390862944,0.9034653465346535,0.85,0.918918918918919,0.8831168831168831,0.8816425120772947,0.9263959390862944,0.9034653465346535,0.85,0.918918918918919,0.8831168831168831,1.0,1.0,365,49,29,68,12,6,365,49,29,68,12,6
05_BN1-129-Eb_comp_02.npz,comp,0.8584615384615385,0.7380952380952381,0.7937411095305832,0.7615384615384615,0.66,0.7071428571428572,0.8615384615384616,0.7407407407407407,0.7965860597439545,0.7615384615384615,0.66,0.7071428571428572,0.9964285714285714,1.0,558,92,198,99,31,51,560,90,196,99,31,51
04_BN3-154-E_solo_02.npz,solo,0.7594339622641509,0.7815533980582524,0.7703349282296651,0.7735849056603774,0.803921568627451,0.7884615384615384,0.8509615384615384,0.921875,0.885,0.8653846153846154,0.9375,0.9,0.9096045197740112,0.9111111111111111,161,51,45,41,12,10,177,31,15,45,7,3
05_Funk1-114-Ab_comp_00.npz,comp,0.8322440087145969,0.8377192982456141,0.8349726775956284,0.8,0.935064935064935,0.8622754491017964,0.8421052631578947,0.8421052631578947,0.8421052631578947,0.8,0.935064935064935,0.8622754491017964,0.9947916666666666,1.0,382,77,74,72,18,5,384,72,72,72,18,5
04_SS1-68-E_comp_01.npz,comp,0.7688726305287662,0.803894297635605,0.7859935407105219,0.8277945619335347,0.8896103896103896,0.8575899843505478,0.8353413654618473,0.8678720445062587,0.8512960436562074,0.8480243161094225,0.9058441558441559,0.8759811616954474,0.9262820512820513,0.982078853046595,2312,695,564,274,57,34,2496,492,380,279,50,29
04_Funk3-98-A_solo_00.npz,solo,0.9444444444444444,0.9829931972789115,0.9633333333333334,0.84,0.9545454545454546,0.8936170212765957,0.9444444444444444,0.9829931972789115,0.9633333333333334,0.84,0.9545454545454546,0.8936170212765957,1.0,1.0,289,17,5,42,8,2,289,17,5,42,8,2
01_BN3-154-E_comp_02.npz,comp,0.8877118644067796,0.8914893617021277,0.8895966029723992,0.8660714285714286,0.8584070796460177,0.8622222222222222,0.8936170212765957,0.9071274298056156,0.9003215434083601,0.8660714285714286,0.8660714285714286,0.8660714285714286,0.9976190476190476,1.0,419,53,51,97,15,16,420,50,43,97,15,15
04_BN3-154-E_comp_02.npz,comp,0.24806201550387597,0.24489795918367346,0.24646983311938384,0.24761904761904763,0.26804123711340205,0.25742574257425743,0.2532299741602067,0.25,0.251604621309371,0.2571428571428571,0.27835051546391754,0.26732673267326734,0.9795918367346939,0.9629629629629629,96,291,296,26,79,71,98,289,294,27,78,70
02_Rock1-90-C#_solo_01.npz,solo,0.8899082568807339,0.9603960396039604,0.9238095238095239,0.8923076923076924,0.9830508474576272,0.9354838709677419,0.8899082568807339,0.9603960396039604,0.9238095238095239,0.8923076923076924,0.9830508474576272,0.9354838709677419,1.0,1.0,388,48,16,58,7,1,388,48,16,58,7,1
03_Jazz3-137-Eb_comp_02.npz,comp,0.7283950617283951,0.7603092783505154,0.7440100882723834,0.7349397590361446,0.7176470588235294,0.7261904761904762,0.8948717948717949,0.8994845360824743,0.897172236503856,0.925,0.8705882352941177,0.896969696969697,0.8452722063037249,0.8243243243243243,295,110,93,61,22,24,349,41,39,74,6,11
05_SS1-68-E_comp_00.npz,comp,0.7922865013774105,0.9937802349689012,0.8816676885346413,0.745,0.9933333333333333,0.8514285714285714,0.7922865013774105,0.9937802349689012,0.8816676885346413,0.745,0.9933333333333333,0.8514285714285714,1.0,1.0,1438,377,9,149,51,1,1438,377,9,149,51,1
01_BN1-129-Eb_solo_02.npz,solo,0.9358490566037736,0.9538461538461539,0.9447619047619048,0.8852459016393442,0.9473684210526315,0.9152542372881356,0.9622641509433962,0.9807692307692307,0.9714285714285714,0.9180327868852459,0.9824561403508771,0.9491525423728814,0.9725490196078431,0.9642857142857143,248,17,12,54,7,3,255,10,5,56,5,1
05_BN1-129-Eb_solo_00.npz,solo,0.8278388278388278,0.875968992248062,0.8512241054613936,0.8070175438596491,0.8846153846153846,0.8440366972477065,0.9154411764705882,0.9651162790697675,0.939622641509434,0.8771929824561403,0.9615384615384616,0.9174311926605505,0.9076305220883534,0.92,226,47,32,46,11,6,249,23,9,50,7,2
01_BN3-119-G_comp_02.npz,comp,0.889344262295082,0.793418647166362,0.8386473429951691,0.8130841121495327,0.8529411764705882,0.8325358851674641,0.889344262295082,0.793418647166362,0.8386473429951691,0.8130841121495327,0.8529411764705882,0.8325358851674641,1.0,1.0,434,54,113,87,20,15,434,54,113,87,20,15
05_SS1-100-C#_solo_01.npz,solo,0.8333333333333334,0.9691629955947136,0.8961303462321792,0.8095238095238095,0.918918918918919,0.8607594936708861,0.8333333333333334,0.9691629955947136,0.8961303462321792,0.8095238095238095,0.918918918918919,0.8607594936708861,1.0,1.0,220,44,7,34,8,3,220,44,7,34,8,3
02_BN1-147-Gb_solo_00.npz,solo,0.9236947791164659,0.9543568464730291,0.9387755102040817,0.8870967741935484,0.9322033898305084,0.9090909090909091,0.987603305785124,0.991701244813278,0.989648033126294,0.9833333333333333,1.0,0.9915966386554622,0.9623430962343096,0.9322033898305084,230,19,11,55,7,4,239,3,2,59,1,0
03_Jazz3-137-Eb_solo_01.npz,solo,0.9545454545454546,0.9746835443037974,0.964509394572025,0.8727272727272727,0.96,0.9142857142857143,0.9545454545454546,0.9746835443037974,0.964509394572025,0.8727272727272727,0.96,0.9142857142857143,1.0,1.0,231,11,6,48,7,2,231,11,6,48,7,2
05_BN1-129-Eb_solo_02.npz,solo,0.8917525773195877,0.7032520325203252,0.7863636363636364,0.8292682926829268,0.6938775510204082,0.7555555555555555,0.9226804123711341,0.7276422764227642,0.8136363636363636,0.8536585365853658,0.7142857142857143,0.7777777777777778,0.9664804469273743,0.9714285714285714,173,21,73,34,7,15,179,15,67,35,6,14
03_BN1-129-Eb_comp_02.npz,comp,0.8636363636363636,0.8964992389649924,0.8797610156833457,0.8344827586206897,0.8768115942028986,0.8551236749116607,0.8636363636363636,0.8964992389649924,0.8797610156833457,0.8344827586206897,0.8768115942028986,0.8551236749116607,1.0,1.0,589,93,68,121,24,17,589,93,68,121,24,17
03_Rock1-130-A_comp_01.npz,comp,0.7894736842105263,0.7827669902912622,0.7861060329067642,0.7637362637362637,0.8034682080924855,0.7830985915492957,0.7968176254589964,0.7900485436893204,0.793418647166362,0.7637362637362637,0.8034682080924855,0.7830985915492957,0.9907834101382489,1.0,645,172,179,139,43,34,651,166,173,139,43,34
05_Funk1-114-Ab_comp_01.npz,comp,0.782520325203252,0.8297413793103449,0.805439330543933,0.7835051546391752,0.8636363636363636,0.8216216216216217,0.782520325203252,0.8297413793103449,0.805439330543933,0.7835051546391752,0.8636363636363636,0.8216216216216217,1.0,1.0,385,107,79,76,21,12,385,107,79,76,21,12
05_SS1-68-E_comp_01.npz,comp,0.7891428571428571,0.9704848910751932,0.8704695871415065,0.7668393782383419,0.9673202614379085,0.8554913294797688,0.7891428571428571,0.9704848910751932,0.8704695871415065,0.7668393782383419,0.9673202614379085,0.8554913294797688,1.0,1.0,1381,369,42,148,45,5,1381,369,42,148,45,5
03_Funk2-108-Eb_comp_01.npz,comp,0.8936959208899876,0.8348729792147807,0.8632835820895522,0.9389312977099237,0.803921568627451,0.8661971830985915,0.8949320148331273,0.836027713625866,0.8644776119402985,0.9389312977099237,0.803921568627451,0.8661971830985915,0.9986187845303868,1.0,723,86,143,123,8,30,724,85,142,123,8,30
05_BN3-154-E_solo_02.npz,solo,0.6772151898734177,0.84251968503937,0.7508771929824561,0.6,0.7741935483870968,0.676056338028169,0.732484076433121,0.905511811023622,0.8098591549295775,0.65,0.8387096774193549,0.7323943661971831,0.9304347826086956,0.9230769230769231,107,51,20,24,16,7,115,42,12,26,14,5
01_Funk2-119-G_solo_00.npz,solo,0.9259259259259259,0.9146341463414634,0.9202453987730062,0.9574468085106383,0.9375,0.9473684210526315,0.9259259259259259,0.9146341463414634,0.9202453987730062,0.9574468085106383,0.9375,0.9473684210526315,1.0,1.0,225,18,21,45,2,3,225,18,21,45,2,3
01_BN1-129-Eb_solo_01.npz,solo,0.6282051282051282,0.7577319587628866,0.6869158878504673,0.6326530612244898,0.8157894736842105,0.7126436781609196,0.75,0.8969072164948454,0.8169014084507042,0.7446808510638298,0.9210526315789473,0.8235294117647058,0.8448275862068966,0.8857142857142857,147,87,47,31,18,7,174,58,20,35,12,3
01_Jazz1-200-B_solo_02.npz,solo,0.8852459016393442,0.8307692307692308,0.8571428571428571,0.8709677419354839,0.84375,0.8571428571428571,0.8901098901098901,0.8307692307692308,0.8594164456233422,0.8709677419354839,0.84375,0.8571428571428571,1.0,1.0,162,21,33,54,8,10,162,20,33,54,8,10
02_Rock1-90-C#_solo_00.npz,solo,0.9728395061728395,0.9248826291079812,0.9482551143200962,0.9827586206896551,0.9344262295081968,0.957983193277311,0.9728395061728395,0.9248826291079812,0.9482551143200962,0.9827586206896551,0.9344262295081968,0.957983193277311,1.0,1.0,394,11,32,57,1,4,394,11,32,57,1,4
02_BN3-154-E_comp_00.npz,comp,0.8348623853211009,0.8470744680851063,0.8409240924092409,0.8272251308900523,0.8586956521739131,0.8426666666666667,0.8381578947368421,0.8470744680851063,0.8425925925925926,0.8272251308900523,0.8586956521739131,0.8426666666666667,1.0,1.0,637,126,115,158,33,26,637,123,115,158,33,26
01_BN3-119-G_comp_01.npz,comp,0.8863109048723898,0.720754716981132,0.7950052029136316,0.9176470588235294,0.78,0.8432432432432433,0.9095127610208816,0.7396226415094339,0.8158168574401665,0.9294117647058824,0.79,0.8540540540540541,0.9744897959183674,0.9873417721518988,382,49,148,78,7,22,392,39,138,79,6,21
01_BN3-154-E_solo_02.npz,solo,0.907103825136612,0.8578811369509044,0.8818061088977424,0.8876404494382022,0.8494623655913979,0.8681318681318682,0.9390581717451524,0.875968992248062,0.9064171122994652,0.9204545454545454,0.8709677419354839,0.8950276243093923,0.9793510324483776,0.9753086419753086,332,34,55,79,10,14,339,22,48,81,7,12
00_Rock1-130-A_solo_01.npz,solo,0.6819338422391857,0.6335697399527187,0.6568627450980392,0.7341772151898734,0.6444444444444445,0.6863905325443787,0.9566395663956639,0.8485576923076923,0.8993630573248408,0.9871794871794872,0.8651685393258427,0.9221556886227545,0.7592067988668555,0.7532467532467533,268,125,155,58,21,32,353,16,63,77,1,12
01_BN1-129-Eb_comp_02.npz,comp,0.7994955863808323,0.9296187683284457,0.8596610169491525,0.7878787878787878,0.9219858156028369,0.8496732026143791,0.7994955863808323,0.9296187683284457,0.8596610169491525,0.7878787878787878,0.9219858156028369,0.8496732026143791,1.0,1.0,634,159,48,130,35,11,634,159,48,130,35,11
05_SS1-100-C#_solo_02.npz,solo,0.6703296703296703,0.8531468531468531,0.7507692307692307,0.6428571428571429,0.8571428571428571,0.7346938775510204,0.7329545454545454,0.9347826086956522,0.821656050955414,0.6785714285714286,0.926829268292683,0.7835051546391752,0.9457364341085271,0.9473684210526315,244,120,42,36,20,6,258,94,18,38,18,3
03_Funk1-114-Ab_comp_01.npz,comp,0.5619694397283531,0.4442953020134228,0.4962518740629685,0.49586776859504134,0.42857142857142855,0.45977011494252873,0.8907849829351536,0.7006711409395974,0.7843726521412472,0.8347107438016529,0.7214285714285714,0.7739463601532567,0.6340996168582376,0.594059405940594,331,258,414,60,61,80,522,64,223,101,20,39
01_Rock1-130-A_comp_00.npz,comp,0.8248730964467005,0.9116409537166901,0.866089273817455,0.852760736196319,0.9455782312925171,0.896774193548387,0.8422391857506362,0.9284712482468443,0.8832555036691128,0.852760736196319,0.9455782312925171,0.896774193548387,0.9818731117824774,1.0,650,138,63,139,24,8,662,124,51,139,24,8
01_Funk2-119-G_solo_03.npz,solo,0.8571428571428571,0.8866995073891626,0.8716707021791767,0.7115384615384616,0.925,0.8043478260869565,0.8571428571428571,0.8866995073891626,0.8716707021791767,0.7115384615384616,0.925,0.8043478260869565,1.0,1.0,180,30,23,37,15,3,180,30,23,37,15,3
02_BN3-154-E_solo_03.npz,solo,0.7429718875502008,0.7312252964426877,0.7370517928286853,0.6721311475409836,0.7068965517241379,0.6890756302521008,0.8838174273858921,0.841897233201581,0.8623481781376519,0.7627118644067796,0.7758620689655172,0.7692307692307693,0.8685446009389671,0.9111111111111111,185,64,68,41,20,17,213,28,40,45,14,13
03_Rock3-117-Bb_solo_02.npz,solo,0.8624641833810889,0.7818181818181819,0.8201634877384196,0.8695652173913043,0.821917808219178,0.8450704225352113,0.9233038348082596,0.8324468085106383,0.8755244755244755,0.9253731343283582,0.8611111111111112,0.8920863309352518,0.9616613418530351,0.967741935483871,301,48,84,60,9,13,313,26,63,62,5,10
02_Rock1-90-C#_comp_00.npz,comp,0.8813333333333333,0.8708827404479579,0.8760768721007289,0.875,0.9158878504672897,0.8949771689497716,0.8838451268357811,0.8722002635046113,0.8779840848806366,0.875,0.9158878504672897,0.8949771689497716,0.9984894259818731,1.0,661,89,98,98,14,9,662,87,97,98,14,9
05_Funk1-114-Ab_solo_00.npz,solo,0.8098159509202454,0.8627450980392157,0.8354430379746836,0.8181818181818182,0.9310344827586207,0.8709677419354839,0.8588957055214724,0.9150326797385621,0.8860759493670886,0.84375,0.9310344827586207,0.8852459016393442,0.9428571428571428,1.0,132,31,21,27,6,2,140,23,13,27,5,2
05_SS1-100-C#_solo_00.npz,solo,0.5528169014084507,0.7969543147208121,0.6528066528066528,0.5476190476190477,0.7931034482758621,0.647887323943662,0.5528169014084507,0.7969543147208121,0.6528066528066528,0.5476190476190477,0.7931034482758621,0.647887323943662,1.0,1.0,157,127,40,23,19,6,157,127,40,23,19,6
04_SS1-68-E_solo_02.npz,solo,0.6640471512770137,0.7363834422657952,0.6983471074380165,0.65,0.75,0.6964285714285714,0.8526522593320236,0.9455337690631809,0.8966942148760331,0.85,0.9807692307692307,0.9107142857142857,0.7788018433179723,0.7647058823529411,338,171,121,39,21,13,434,75,25,51,9,1
03_BN2-166-Ab_solo_01.npz,solo,0.9036144578313253,0.9433962264150944,0.9230769230769231,0.851063829787234,0.9523809523809523,0.898876404494382,0.9036144578313253,0.9433962264150944,0.9230769230769231,0.851063829787234,0.9523809523809523,0.898876404494382,1.0,1.0,150,16,9,40,7,2,150,16,9,40,7,2
01_Funk2-119-G_solo_01.npz,solo,0.8780487804878049,0.8955223880597015,0.8866995073891626,0.8085106382978723,0.95,0.8735632183908046,0.8780487804878049,0.8955223880597015,0.8866995073891626,0.8085106382978723,0.95,0.8735632183908046,1.0,1.0,180,25,21,38,9,2,180,25,21,38,9,2
01_Jazz3-150-C_comp_01.npz,comp,0.9263803680981595,0.825136612021858,0.8728323699421965,0.92,0.7752808988764045,0.8414634146341463,0.941717791411043,0.8387978142076503,0.8872832369942196,0.9333333333333333,0.7865168539325843,0.8536585365853658,0.9837133550488599,0.9857142857142858,302,24,64,69,6,20,307,19,59,70,5,19
03_Funk2-108-Eb_solo_02.npz,solo,0.7977099236641222,0.7491039426523297,0.7726432532347505,0.7446808510638298,0.7608695652173914,0.7526881720430108,0.8764478764478765,0.8345588235294118,0.8549905838041432,0.8043478260869565,0.8222222222222222,0.8131868131868132,0.920704845814978,0.9459459459459459,209,53,70,35,12,11,227,32,45,37,9,8
03_BN2-166-Ab_solo_02.npz,solo,0.9,0.9101123595505618,0.9050279329608939,0.9148936170212766,0.8958333333333334,0.9052631578947369,0.9,0.9101123595505618,0.9050279329608939,0.9148936170212766,0.8958333333333334,0.9052631578947369,1.0,1.0,162,18,16,43,4,5,162,18,16,43,4,5
03_Jazz1-130-D_comp_00.npz,comp,0.8445297504798465,0.8255159474671669,0.8349146110056926,0.7946428571428571,0.8317757009345794,0.8127853881278538,0.8464491362763915,0.8273921200750469,0.8368121442125237,0.7946428571428571,0.8317757009345794,0.8127853881278538,0.9977324263038548,1.0,440,81,93,89,23,18,441,80,92,89,23,18
05_Funk1-114-Ab_solo_01.npz,solo,0.6680161943319838,0.6346153846153846,0.650887573964497,0.6382978723404256,0.6666666666666666,0.6521739130434783,0.7125506072874493,0.676923076923077,0.6942800788954635,0.6808510638297872,0.7111111111111111,0.6956521739130435,0.9375,0.9375,165,82,95,30,17,15,176,71,84,32,15,13
05_SS1-100-C#_comp_00.npz,comp,0.8578296703296703,0.9674670797831139,0.9093556607207863,0.8290598290598291,0.9797979797979798,0.8981481481481481,0.8578296703296703,0.9674670797831139,0.9093556607207863,0.8290598290598291,0.9797979797979798,0.8981481481481481,1.0,1.0,1249,207,42,194,40,4,1249,207,42,194,40,4
02_BN1-129-Eb_comp_00.npz,comp,0.912987012987013,0.9118028534370947,0.9123945489941596,0.8888888888888888,0.9230769230769231,0.9056603773584906,0.9128738621586476,0.9140625,0.9134677944046844,0.8888888888888888,0.9290322580645162,0.9085173501577287,1.0014245014245013,1.0,703,67,68,144,18,12,702,67,66,144,18,11
02_BN1-147-Gb_comp_01.npz,comp,0.24783362218370883,0.19562243502051985,0.21865443425076453,0.2605633802816901,0.21637426900584794,0.2364217252396166,0.902946273830156,0.7127222982216143,0.7966360856269113,0.8943661971830986,0.7426900584795322,0.8115015974440895,0.2744721689059501,0.29133858267716534,143,434,588,37,105,134,521,56,210,127,15,44
01_BN3-154-E_solo_01.npz,solo,0.932,0.8597785977859779,0.8944337811900192,0.9523809523809523,0.8695652173913043,0.9090909090909091,0.932,0.8597785977859779,0.8944337811900192,0.9523809523809523,0.8695652173913043,0.9090909090909091,1.0,1.0,233,17,38,60,3,9,233,17,38,60,3,9
03_Funk2-108-Eb_comp_00.npz,comp,0.818734793187348,0.9412587412587412,0.8757319453480806,0.851063829787234,0.9523809523809523,0.898876404494382,0.818734793187348,0.9412587412587412,0.8757319453480806,0.851063829787234,0.9523809523809523,0.898876404494382,1.0,1.0,673,149,42,120,21,6,673,149,42,120,21,6
03_Rock3-117-Bb_comp_01.npz,comp,0.8248974008207934,0.7119244391971665,0.7642585551330798,0.8175675675675675,0.7378048780487805,0.7756410256410257,0.9001367989056087,0.7768595041322314,0.8339670468948035,0.8918918918918919,0.8048780487804879,0.8461538461538461,0.9164133738601824,0.9166666666666666,603,128,244,121,27,43,658,73,189,132,16,32
03_Funk1-114-Ab_solo_00.npz,solo,0.8928571428571429,0.8875739644970414,0.8902077151335311,0.9117647058823529,0.9393939393939394,0.9253731343283582,0.8928571428571429,0.8875739644970414,0.8902077151335311,0.9117647058823529,0.9393939393939394,0.9253731343283582,1.0,1.0,150,18,19,31,3,2,150,18,19,31,3,2
01_Funk2-119-G_comp_01.npz,comp,0.7548076923076923,0.8051282051282052,0.7791563275434243,0.7954545454545454,0.813953488372093,0.8045977011494253,0.7759036144578313,0.8256410256410256,0.8,0.8181818181818182,0.8372093023255814,0.8275862068965517,0.9751552795031055,0.9722222222222222,314,102,76,70,18,16,322,93,68,72,16,14
00_Funk1-114-Ab_comp_02.npz,comp,0.7582846003898636,0.7423664122137404,0.7502410800385728,0.7021276595744681,0.7096774193548387,0.7058823529411765,0.7855750487329435,0.7690839694656488,0.7772420443587271,0.7180851063829787,0.7258064516129032,0.7219251336898396,0.9652605459057072,0.9777777777777777,778,248,270,132,56,54,806,220,242,135,53,51
01_Rock1-130-A_comp_02.npz,comp,0.8937691521961185,0.9378349410503751,0.9152719665271967,0.9264705882352942,0.9692307692307692,0.9473684210526315,0.8992805755395683,0.9378349410503751,0.9181532004197271,0.9264705882352942,0.9692307692307692,0.9473684210526315,1.0,1.0,875,104,58,189,15,6,875,98,58,189,15,6
04_Rock1-130-A_comp_00.npz,comp,0.1629327902240326,0.15841584158415842,0.1606425702811245,0.15476190476190477,0.1262135922330097,0.13903743315508021,0.8842794759825328,0.801980198019802,0.8411214953271028,0.9382716049382716,0.7378640776699029,0.8260869565217391,0.19753086419753085,0.17105263157894737,80,411,425,13,71,90,405,53,100,76,5,27
05_BN3-154-E_comp_02.npz,comp,0.8693957115009746,0.7907801418439716,0.8282265552460538,0.8686131386861314,0.8623188405797102,0.8654545454545455,0.898635477582846,0.8173758865248227,0.8560817084493965,0.8905109489051095,0.8840579710144928,0.8872727272727273,0.9674620390455532,0.9754098360655737,446,67,118,119,18,19,461,52,103,122,15,16
03_Rock1-130-A_comp_02.npz,comp,0.7775718257645968,0.7960151802656547,0.786685419596812,0.7763157894736842,0.8119266055045872,0.7937219730941704,0.7831325301204819,0.8086124401913876,0.795668549905838,0.7763157894736842,0.8194444444444444,0.7972972972972973,0.9928994082840237,1.0,839,240,215,177,51,41,845,234,200,177,51,39
03_Funk2-108-Eb_comp_03.npz,comp,0.8798283261802575,0.8216432865731463,0.8497409326424871,0.896551724137931,0.7558139534883721,0.8201892744479495,0.8841201716738197,0.8256513026052105,0.8538860103626943,0.896551724137931,0.7558139534883721,0.8201892744479495,0.9951456310679612,1.0,820,112,178,130,15,42,824,108,174,130,15,42
03_Jazz1-130-D_comp_01.npz,comp,0.8006134969325154,0.6460396039603961,0.7150684931506849,0.6867469879518072,0.6867469879518072,0.6867469879518072,0.9012738853503185,0.7004950495049505,0.7883008356545961,0.875,0.7590361445783133,0.8129032258064516,0.9222614840989399,0.9047619047619048,261,65,143,57,26,26,283,31,121,63,9,20
04_Funk3-98-A_solo_01.npz,solo,0.8534201954397395,0.8733333333333333,0.8632619439868204,0.8723404255319149,0.8723404255319149,0.8723404255319149,0.8758169934640523,0.8933333333333333,0.8844884488448845,0.9148936170212766,0.9148936170212766,0.9148936170212766,0.9776119402985075,0.9534883720930233,262,45,38,41,6,6,268,38,32,43,4,4
01_Jazz3-150-C_solo_02.npz,solo,0.9183673469387755,0.9375,0.9278350515463918,0.8688524590163934,0.9298245614035088,0.8983050847457628,0.9183673469387755,0.9375,0.9278350515463918,0.8688524590163934,0.9298245614035088,0.8983050847457628,1.0,1.0,225,20,15,53,8,4,225,20,15,53,8,4
05_BN3-154-E_comp_01.npz,comp,0.8875255623721882,0.8022181146025879,0.8427184466019417,0.8787878787878788,0.8467153284671532,0.862453531598513,0.9214876033057852,0.8243992606284658,0.8702439024390244,0.9076923076923077,0.8613138686131386,0.8838951310861424,0.9730941704035875,0.9830508474576272,434,55,107,116,16,21,446,38,95,118,12,19
00_Jazz2-110-Bb_solo_01.npz,solo,0.9321266968325792,0.8917748917748918,0.911504424778761,0.9066666666666666,0.85,0.8774193548387097,0.9523809523809523,0.9090909090909091,0.9302325581395349,0.92,0.8625,0.8903225806451613,0.9809523809523809,0.9855072463768116,412,30,50,68,7,12,420,21,42,69,6,11
01_Rock1-130-A_comp_01.npz,comp,0.8422982885085575,0.8983050847457628,0.8694006309148264,0.8579545454545454,0.9556962025316456,0.9041916167664671,0.8422982885085575,0.8983050847457628,0.8694006309148264,0.8579545454545454,0.9556962025316456,0.9041916167664671,1.0,1.0,689,129,78,151,25,7,689,129,78,151,25,7
00_Funk1-114-Ab_solo_01.npz,solo,0.9470404984423676,0.8611898016997167,0.9020771513353115,0.9298245614035088,0.8412698412698413,0.8833333333333333,0.9719626168224299,0.8838526912181303,0.9258160237388724,0.9473684210526315,0.8571428571428571,0.9,0.9743589743589743,0.9814814814814815,304,17,49,53,4,10,312,9,41,54,3,9
03_BN2-166-Ab_comp_00.npz,comp,0.35766423357664234,0.33182844243792325,0.3442622950819672,0.36936936936936937,0.3416666666666667,0.354978354978355,0.8799019607843137,0.8103837471783296,0.8437132784958872,0.8648648648648649,0.8,0.8311688311688312,0.40947075208913647,0.4270833333333333,147,264,296,41,70,79,359,49,84,96,15,24
03_BN2-166-Ab_comp_03.npz,comp,0.8547169811320755,0.8728323699421965,0.8636796949475691,0.8551724137931035,0.8857142857142857,0.8701754385964913,0.8547169811320755,0.8728323699421965,0.8636796949475691,0.8551724137931035,0.8857142857142857,0.8701754385964913,1.0,1.0,453,77,66,124,21,16,453,77,66,124,21,16
03_Jazz3-137-Eb_comp_00.npz,comp,0.9235955056179775,0.8526970954356846,0.8867313915857605,0.9166666666666666,0.8627450980392157,0.8888888888888888,0.9303370786516854,0.8589211618257261,0.8932038834951457,0.9166666666666666,0.8627450980392157,0.8888888888888888,0.9927536231884058,1.0,411,34,71,88,8,14,414,31,68,88,8,14
03_Rock3-117-Bb_solo_01.npz,solo,0.9461883408071748,0.9315673289183223,0.9388209121245829,0.9753086419753086,0.9080459770114943,0.9404761904761905,0.9461883408071748,0.9461883408071748,0.9461883408071748,0.9753086419753086,0.9186046511627907,0.9461077844311377,1.0,1.0,422,24,31,79,2,8,422,24,24,79,2,7
02_BN1-147-Gb_solo_02.npz,solo,0.7916666666666666,0.868020304568528,0.8280871670702179,0.7307692307692307,0.8837209302325582,0.8,0.8915094339622641,0.9593908629441624,0.9242053789731052,0.84,0.9767441860465116,0.9032258064516129,0.9047619047619048,0.9047619047619048,171,45,26,38,14,5,189,23,8,42,8,1
02_BN1-129-Eb_comp_02.npz,comp,0.8023648648648649,0.6578947368421053,0.7229832572298326,0.8347107438016529,0.6733333333333333,0.7453874538745388,0.8898305084745762,0.7271468144044322,0.8003048780487805,0.9173553719008265,0.74,0.8191881918819188,0.9047619047619048,0.9099099099099099,475,117,247,101,20,49,525,65,197,111,10,39
00_Jazz2-110-Bb_solo_02.npz,solo,0.9320388349514563,0.8293736501079914,0.8777142857142857,0.9315068493150684,0.85,0.8888888888888888,0.9854014598540146,0.8747300215982722,0.9267734553775744,0.9863013698630136,0.9,0.9411764705882353,0.9481481481481482,0.9444444444444444,384,28,79,68,5,12,405,6,58,72,1,8
05_BN1-129-Eb_comp_00.npz,comp,0.9605488850771869,0.8151382823871907,0.8818897637795275,0.9821428571428571,0.8148148148148148,0.8906882591093117,0.9725557461406518,0.8253275109170306,0.8929133858267716,0.9821428571428571,0.8148148148148148,0.8906882591093117,0.9876543209876543,1.0,560,23,127,110,2,25,567,16,120,110,2,25
02_BN1-129-Eb_solo_00.npz,solo,0.9533898305084746,0.995575221238938,0.974025974025974,0.8846153846153846,1.0,0.9387755102040817,0.9533898305084746,0.995575221238938,0.974025974025974,0.8846153846153846,1.0,0.9387755102040817,1.0,1.0,225,11,1,46,6,0,225,11,1,46,6,0
00_Jazz2-110-Bb_solo_00.npz,solo,0.8174157303370787,0.8584070796460177,0.837410071942446,0.8709677419354839,0.8709677419354839,0.8709677419354839,0.9487179487179487,0.9823008849557522,0.9652173913043478,1.0,0.9838709677419355,0.991869918699187,0.8738738738738738,0.8852459016393442,291,65,48,54,8,8,333,18,6,61,0,1
01_BN3-154-E_comp_00.npz,comp,0.8888888888888888,0.8083623693379791,0.8467153284671532,0.8615384615384616,0.7832167832167832,0.8205128205128205,0.921455938697318,0.837979094076655,0.8777372262773723,0.8923076923076924,0.8111888111888111,0.8498168498168498,0.9646569646569647,0.9655172413793104,464,58,110,112,18,31,481,41,93,116,14,27
02_BN1-147-Gb_comp_02.npz,comp,0.19659735349716445,0.13720316622691292,0.16161616161616163,0.16279069767441862,0.11731843575418995,0.13636363636363635,0.943289224952741,0.658311345646438,0.7754467754467754,0.937984496124031,0.6759776536312849,0.7857142857142857,0.20841683366733466,0.17355371900826447,104,425,654,21,108,158,499,30,259,121,8,58
02_Rock1-90-C#_comp_01.npz,comp,0.7159533073929961,0.6411149825783972,0.6764705882352942,0.7339449541284404,0.6611570247933884,0.6956521739130435,0.903183023872679,0.7909407665505227,0.843343653250774,0.8623853211009175,0.7768595041322314,0.8173913043478261,0.8105726872246696,0.851063829787234,552,219,309,80,29,41,681,73,180,94,15,27
05_SS1-100-C#_comp_01.npz,comp,0.8252002913328478,0.9529015979814971,0.8844652615144418,0.8177570093457944,0.9459459459459459,0.8771929824561403,0.8264040846097739,0.9529015979814971,0.88515625,0.8215962441314554,0.9459459459459459,0.8793969849246231,1.0,1.0,1133,240,56,175,39,10,1133,238,56,175,38,10
00_BN1-129-Eb_solo_02.npz,solo,0.7064220183486238,0.7356687898089171,0.7207488299531981,0.640625,0.640625,0.640625,0.8722044728434505,0.8694267515923567,0.8708133971291866,0.875,0.875,0.875,0.8461538461538461,0.7321428571428571,231,96,83,41,23,23,273,40,41,56,8,8
02_BN3-154-E_solo_01.npz,solo,0.8151658767772512,0.8151658767772512,0.8151658767772512,0.7894736842105263,0.8333333333333334,0.8108108108108109,0.9004739336492891,0.9004739336492891,0.9004739336492891,0.8771929824561403,0.9259259259259259,0.9009009009009009,0.9052631578947369,0.9,172,39,39,45,12,9,190,21,21,50,7,4
04_BN3-154-E_solo_01.npz,solo,0.9014778325123153,0.8755980861244019,0.8883495145631068,0.8653846153846154,0.8823529411764706,0.8737864077669902,0.9545454545454546,0.9043062200956937,0.9287469287469288,0.9019607843137255,0.9019607843137255,0.9019607843137255,0.9682539682539683,0.9782608695652174,183,20,26,45,7,6,189,9,20,46,5,5
04_SS1-68-E_solo_00.npz,solo,0.9310344827586207,0.8594164456233422,0.8937931034482759,0.9024390243902439,0.8809523809523809,0.891566265060241,0.9337175792507204,0.8594164456233422,0.8950276243093923,0.9024390243902439,0.8809523809523809,0.891566265060241,1.0,1.0,324,24,53,37,4,5,324,23,53,37,4,5
00_Funk1-114-Ab_comp_00.npz,comp,0.7547683923705722,0.8738170347003155,0.8099415204678363,0.7361111111111112,0.8736263736263736,0.7989949748743719,0.7547683923705722,0.8738170347003155,0.8099415204678363,0.7361111111111112,0.8736263736263736,0.7989949748743719,1.0,1.0,831,270,120,159,57,23,831,270,120,159,57,23
03_BN2-166-Ab_comp_01.npz,comp,0.8914893617021277,0.8933901918976546,0.8924387646432375,0.8854961832061069,0.90625,0.8957528957528957,0.8914893617021277,0.8933901918976546,0.8924387646432375,0.8854961832061069,0.90625,0.8957528957528957,1.0,1.0,419,51,50,116,15,12,419,51,50,116,15,12
01_BN3-154-E_solo_00.npz,solo,0.9209302325581395,0.9658536585365853,0.9428571428571428,0.9615384615384616,0.9615384615384616,0.9615384615384616,0.9209302325581395,0.9658536585365853,0.9428571428571428,0.9615384615384616,0.9615384615384616,0.9615384615384616,1.0,1.0,198,17,7,50,2,2,198,17,7,50,2,2
05_SS1-68-E_comp_02.npz,comp,0.7921857304643262,0.9695079695079695,0.8719227173574322,0.7643979057591623,0.948051948051948,0.8463768115942029,0.7921857304643262,0.9695079695079695,0.8719227173574322,0.7643979057591623,0.948051948051948,0.8463768115942029,1.0,1.0,1399,367,44,146,45,8,1399,367,44,146,45,8
01_BN1-129-Eb_comp_01.npz,comp,0.7320044296788483,0.9821693907875185,0.8388324873096447,0.7189189189189189,0.9708029197080292,0.8260869565217391,0.7320044296788483,0.9821693907875185,0.8388324873096447,0.7189189189189189,0.9708029197080292,0.8260869565217391,1.0,1.0,661,242,12,133,52,4,661,242,12,133,52,4
04_Rock1-130-A_solo_02.npz,solo,0.8131147540983606,0.8551724137931035,0.8336134453781513,0.828125,0.8412698412698413,0.8346456692913385,0.8360655737704918,0.8793103448275862,0.8571428571428571,0.84375,0.8571428571428571,0.8503937007874016,0.9725490196078431,0.9814814814814815,248,57,42,53,11,10,255,50,35,54,10,9
00_BN1-129-Eb_comp_00.npz,comp,0.9420765027322404,0.8804902962206334,0.9102428722280888,0.9315789473684211,0.8592233009708737,0.8939393939393939,0.9462129527991219,0.8804902962206334,0.9121693121693122,0.9414893617021277,0.8592233009708737,0.8984771573604061,1.0,1.0,862,53,117,177,13,29,862,49,117,177,11,29
05_BN3-154-E_solo_00.npz,solo,0.9871794871794872,0.9112426035502958,0.9476923076923077,1.0,0.9069767441860465,0.9512195121951219,0.9871794871794872,0.9112426035502958,0.9476923076923077,1.0,0.9069767441860465,0.9512195121951219,1.0,1.0,154,2,15,39,0,4,154,2,15,39,0,4
03_Rock3-117-Bb_comp_03.npz,comp,0.8652482269503546,0.7577639751552795,0.8079470198675497,0.8472222222222222,0.7577639751552795,0.8,0.9418439716312057,0.8248447204968944,0.8794701986754967,0.9375,0.8385093167701864,0.8852459016393442,0.9186746987951807,0.9037037037037037,610,95,195,122,22,39,664,41,141,135,9,26
03_Rock1-130-A_solo_01.npz,solo,0.928,0.9392712550607287,0.9336016096579477,0.9285714285714286,0.9629629629629629,0.9454545454545454,0.928,0.9392712550607287,0.9336016096579477,0.9285714285714286,0.9629629629629629,0.9454545454545454,1.0,1.0,232,18,15,52,4,2,232,18,15,52,4,2
02_BN3-154-E_solo_02.npz,solo,0.7725490196078432,0.8678414096916299,0.8174273858921162,0.8064516129032258,0.8620689655172413,0.8333333333333334,0.8879668049792531,0.9427312775330396,0.9145299145299145,0.8666666666666667,0.896551724137931,0.8813559322033898,0.9205607476635514,0.9615384615384616,197,58,30,50,12,8,214,27,13,52,8,6
03_BN2-166-Ab_comp_02.npz,comp,0.5066079295154186,0.49676025917926564,0.5016357688113413,0.49206349206349204,0.5040650406504065,0.4979919678714859,0.814317673378076,0.7861771058315334,0.8,0.7741935483870968,0.7804878048780488,0.7773279352226721,0.6318681318681318,0.6458333333333334,230,224,233,62,64,61,364,83,99,96,28,27
03_BN2-166-Ab_solo_03.npz,solo,0.7874396135265701,0.8109452736318408,0.7990196078431373,0.7962962962962963,0.7962962962962963,0.7962962962962963,0.935,0.9540816326530612,0.9444444444444444,0.9629629629629629,0.9811320754716981,0.9719626168224299,0.8716577540106952,0.8269230769230769,163,44,38,43,11,11,187,13,9,52,2,1
04_Funk3-98-A_comp_03.npz,comp,0.775990099009901,0.7092760180995475,0.7411347517730497,0.7886178861788617,0.7293233082706767,0.7578125,0.8514851485148515,0.7782805429864253,0.8132387706855791,0.8292682926829268,0.7669172932330827,0.796875,0.9113372093023255,0.9509803921568627,627,181,257,97,26,36,688,120,196,102,21,31
02_BN1-129-Eb_solo_01.npz,solo,0.9319727891156463,0.8670886075949367,0.898360655737705,0.9166666666666666,0.8461538461538461,0.88,0.9319727891156463,0.8670886075949367,0.898360655737705,0.9166666666666666,0.8461538461538461,0.88,1.0,1.0,274,20,42,55,5,10,274,20,42,55,5,10
03_BN2-166-Ab_solo_00.npz,solo,0.881578947368421,0.8933333333333333,0.8874172185430463,0.8809523809523809,0.9487179487179487,0.9135802469135802,0.9795918367346939,0.96,0.9696969696969697,0.95,0.9743589743589743,0.9620253164556962,0.9305555555555556,0.9736842105263158,134,18,16,37,5,2,144,3,6,38,2,1
01_BN1-129-Eb_comp_00.npz,comp,0.7062600321027287,0.9649122807017544,0.8155699721964782,0.7063492063492064,0.967391304347826,0.8165137614678899,0.7062600321027287,0.9649122807017544,0.8155699721964782,0.7063492063492064,0.967391304347826,0.8165137614678899,1.0,1.0,440,183,16,89,37,3,440,183,16,89,37,3
04_Rock1-130-A_solo_00.npz,solo,0.8513513513513513,0.65625,0.7411764705882353,0.8666666666666667,0.7027027027027027,0.7761194029850746,0.8513513513513513,0.7368421052631579,0.7899686520376176,0.8666666666666667,0.7878787878787878,0.8253968253968254,1.0,1.0,126,22,66,26,4,11,126,22,45,26,4,7
00_Rock1-130-A_comp_02.npz,comp,0.6246312684365781,0.5528720626631853,0.5865650969529086,0.6383763837638377,0.540625,0.5854483925549916,0.885439763488544,0.7819843342036553,0.8305025996533796,0.9114391143911439,0.771875,0.8358714043993232,0.7070116861435726,0.7004048582995951,847,509,685,173,98,147,1198,155,334,247,24,73
01_Rock1-130-A_solo_00.npz,solo,0.773109243697479,0.9787234042553191,0.863849765258216,0.7916666666666666,0.9743589743589743,0.8735632183908046,0.773109243697479,0.9787234042553191,0.863849765258216,0.7916666666666666,0.9743589743589743,0.8735632183908046,1.0,1.0,184,54,4,38,10,1,184,54,4,38,10,1
04_BN3-154-E_comp_01.npz,comp,0.24833702882483372,0.23284823284823286,0.24034334763948498,0.24778761061946902,0.23728813559322035,0.24242424242424243,0.26636568848758463,0.24532224532224534,0.2554112554112554,0.25663716814159293,0.2457627118644068,0.2510822510822511,0.9491525423728814,0.9655172413793104,112,339,369,28,85,90,118,325,363,29,84,89
01_Funk2-119-G_comp_00.npz,comp,0.5414634146341464,0.5620253164556962,0.5515527950310559,0.6363636363636364,0.5833333333333334,0.6086956521739131,0.7605985037406484,0.7721518987341772,0.7663316582914573,0.8421052631578947,0.7619047619047619,0.8,0.7278688524590164,0.765625,222,188,173,49,28,35,305,96,90,64,12,20
03_Rock1-130-A_comp_00.npz,comp,0.6695156695156695,0.7704918032786885,0.7164634146341463,0.6917808219178082,0.8015873015873016,0.7426470588235294,0.6733238231098431,0.7737704918032787,0.7200610221205187,0.6917808219178082,0.8015873015873016,0.7426470588235294,0.9957627118644068,1.0,470,232,140,101,45,25,472,229,138,101,45,25
05_BN1-129-Eb_comp_01.npz,comp,0.8995695839311334,0.8542234332425068,0.8763102725366876,0.84,0.8936170212765957,0.865979381443299,0.9110473457675753,0.8651226158038147,0.8874912648497554,0.8533333333333334,0.9078014184397163,0.8797250859106529,0.9874015748031496,0.984375,627,70,107,126,24,15,635,62,99,128,22,13
00_Rock1-130-A_comp_01.npz,comp,0.8245614035087719,0.864367816091954,0.8439955106621774,0.8897058823529411,0.8962962962962963,0.8929889298892989,0.853460972017673,0.8881226053639847,0.8704468644386031,0.8897058823529411,0.8962962962962963,0.8929889298892989,0.9732528041415013,1.0,1128,240,177,242,30,28,1159,199,146,242,30,28
04_BN3-154-E_comp_00.npz,comp,0.5225694444444444,0.5574074074074075,0.5394265232974911,0.5816993464052288,0.6402877697841727,0.6095890410958904,0.5347222222222222,0.5703703703703704,0.5519713261648745,0.5947712418300654,0.6546762589928058,0.6232876712328768,0.9772727272727273,0.978021978021978,301,275,239,89,64,50,308,268,232,91,62,48
05_BN3-154-E_solo_01.npz,solo,0.8714285714285714,0.9682539682539683,0.9172932330827067,0.8627450980392157,0.9777777777777777,0.9166666666666666,0.8714285714285714,0.9682539682539683,0.9172932330827067,0.8627450980392157,0.9777777777777777,0.9166666666666666,1.0,1.0,183,27,6,44,7,1,183,27,6,44,7,1
01_BN3-119-G_solo_02.npz,solo,0.8659420289855072,0.9227799227799228,0.8934579439252337,0.8490566037735849,0.9375,0.8910891089108911,0.8970588235294118,0.9420849420849421,0.9190207156308852,0.8867924528301887,0.9791666666666666,0.9306930693069307,0.9795081967213115,0.9574468085106383,239,37,20,45,8,3,244,28,15,47,6,1
04_Funk3-98-A_comp_01.npz,comp,0.8800521512385919,0.8181818181818182,0.8479899497487438,0.8793103448275862,0.8360655737704918,0.8571428571428571,0.8800521512385919,0.8181818181818182,0.8479899497487438,0.8793103448275862,0.8360655737704918,0.8571428571428571,1.0,1.0,675,92,150,102,14,20,675,92,150,102,14,20
03_Funk1-114-Ab_solo_01.npz,solo,0.8595744680851064,0.9619047619047619,0.9078651685393259,0.7959183673469388,0.975,0.8764044943820225,0.8765957446808511,0.9809523809523809,0.9258426966292135,0.8163265306122449,1.0,0.898876404494382,0.9805825242718447,0.975,202,33,8,39,10,1,206,29,4,40,9,0
00_Rock1-130-A_comp_00.npz,comp,0.847719298245614,0.849507735583685,0.8486125746399719,0.8626760563380281,0.8506944444444444,0.8566433566433567,0.8626334519572953,0.8523206751054853,0.8574460558896356,0.8626760563380281,0.8506944444444444,0.8566433566433567,0.9966996699669967,1.0,1208,217,214,245,39,43,1212,193,210,245,39,43
03_Funk1-114-Ab_comp_00.npz,comp,0.1111111111111111,0.09422492401215805,0.10197368421052631,0.10077519379844961,0.10236220472440945,0.1015625,0.730072463768116,0.6124620060790273,0.6661157024793388,0.640625,0.6456692913385826,0.6431372549019608,0.15384615384615385,0.15853658536585366,62,496,596,13,116,114,403,149,255,82,46,45
05_Funk1-114-Ab_comp_02.npz,comp,0.7865329512893983,0.848531684698609,0.8163568773234201,0.7482517482517482,0.8842975206611571,0.8106060606060606,0.7922636103151862,0.8547140649149922,0.8223048327137547,0.7482517482517482,0.8842975206611571,0.8106060606060606,0.9927667269439421,1.0,549,149,98,107,36,14,553,145,94,107,36,14
04_BN3-154-E_solo_00.npz,solo,0.7948717948717948,0.8691588785046729,0.8303571428571429,0.8032786885245902,0.875,0.8376068376068376,0.8719211822660099,0.8939393939393939,0.8827930174563591,0.8823529411764706,0.8653846153846154,0.8737864077669902,1.0508474576271187,1.0888888888888888,186,48,28,49,12,7,177,26,21,45,6,7
02_BN3-154-E_comp_01.npz,comp,0.8512396694214877,0.9327296248382924,0.8901234567901235,0.8530805687203792,0.9523809523809523,0.9,0.8544378698224852,0.9340232858990944,0.892459826946848,0.8530805687203792,0.9523809523809523,0.9,0.9986149584487535,1.0,721,126,52,180,31,9,722,123,51,180,31,9
00_Funk1-114-Ab_solo_00.npz,solo,0.9518716577540107,0.9368421052631579,0.9442970822281167,0.927536231884058,0.9411764705882353,0.9343065693430657,0.9518716577540107,0.9368421052631579,0.9442970822281167,0.927536231884058,0.9411764705882353,0.9343065693430657,1.0,1.0,356,18,24,64,5,4,356,18,24,64,5,4
03_Funk2-108-Eb_solo_03.npz,solo,0.852589641434263,0.7838827838827839,0.816793893129771,0.8913043478260869,0.82,0.8541666666666666,0.896414342629482,0.8241758241758241,0.8587786259541985,0.9565217391304348,0.88,0.9166666666666666,0.9511111111111111,0.9318181818181818,214,37,59,41,5,9,225,26,48,44,2,6
03_Jazz1-130-D_solo_02.npz,solo,0.9420849420849421,0.9420849420849421,0.9420849420849421,0.8518518518518519,0.9019607843137255,0.8761904761904762,0.9420849420849421,0.9420849420849421,0.9420849420849421,0.8518518518518519,0.9019607843137255,0.8761904761904762,1.0,1.0,244,15,15,46,8,5,244,15,15,46,8,5
02_BN1-129-Eb_comp_01.npz,comp,0.8943661971830986,0.6978021978021978,0.7839506172839507,0.8813559322033898,0.7074829931972789,0.7849056603773585,0.9012345679012346,0.7019230769230769,0.7891891891891892,0.8813559322033898,0.7074829931972789,0.7849056603773585,0.9941291585127201,1.0,508,60,220,104,14,43,511,56,217,104,14,43
04_Funk3-98-A_solo_03.npz,solo,0.8813056379821959,0.8633720930232558,0.8722466960352423,0.8461538461538461,0.8627450980392157,0.8543689320388349,0.8813056379821959,0.8633720930232558,0.8722466960352423,0.8461538461538461,0.8627450980392157,0.8543689320388349,1.0,1.0,297,40,47,44,8,7,297,40,47,44,8,7
03_Rock1-130-A_solo_02.npz,solo,0.9037037037037037,0.8937728937728938,0.8987108655616943,0.9152542372881356,0.9310344827586207,0.9230769230769231,0.9591078066914498,0.945054945054945,0.9520295202952029,0.9655172413793104,0.9655172413793104,0.9655172413793104,0.9457364341085271,0.9642857142857143,244,26,29,54,5,4,258,11,15,56,2,2
01_Jazz1-200-B_comp_01.npz,comp,0.4718826405867971,0.4346846846846847,0.4525205158264947,0.4492753623188406,0.4397163120567376,0.4444444444444444,0.8839506172839506,0.8063063063063063,0.8433451118963486,0.8455882352941176,0.8156028368794326,0.8303249097472925,0.5391061452513967,0.5391304347826087,193,216,251,62,76,79,358,47,86,115,21,26
01_Funk2-119-G_comp_02.npz,comp,0.7285714285714285,0.7445255474452555,0.7364620938628159,0.7263157894736842,0.7419354838709677,0.7340425531914894,0.7995226730310262,0.8150851581508516,0.8072289156626506,0.7684210526315789,0.7849462365591398,0.776595744680851,0.9134328358208955,0.9452054794520548,306,114,105,69,26,24,335,84,76,73,22,20
05_SS1-100-C#_comp_02.npz,comp,0.8015873015873016,0.9375527426160337,0.8642551536367172,0.7788461538461539,0.8756756756756757,0.8244274809160306,0.8491537895511405,0.9738396624472574,0.9072327044025157,0.8309178743961353,0.9297297297297298,0.8775510204081632,0.962738301559792,0.9418604651162791,1111,275,74,162,46,23,1154,205,31,172,35,13
01_Rock1-130-A_solo_01.npz,solo,0.8607142857142858,0.7980132450331126,0.8281786941580757,0.8620689655172413,0.819672131147541,0.8403361344537815,0.8964285714285715,0.8311258278145696,0.8625429553264605,0.896551724137931,0.8524590163934426,0.8739495798319328,0.9601593625498008,0.9615384615384616,241,39,61,50,8,11,251,29,51,52,6,9
03_Rock3-117-Bb_solo_00.npz,solo,0.9429530201342282,0.972318339100346,0.9574105621805792,0.9824561403508771,0.9824561403508771,0.9824561403508771,0.9461279461279462,0.972318339100346,0.9590443686006825,0.9824561403508771,0.9824561403508771,0.9824561403508771,1.0,1.0,281,17,8,56,1,1,281,16,8,56,1,1
02_BN1-129-Eb_solo_02.npz,solo,0.8803088803088803,0.9230769230769231,0.9011857707509882,0.847457627118644,0.9259259259259259,0.8849557522123894,0.8803088803088803,0.9230769230769231,0.9011857707509882,0.847457627118644,0.9259259259259259,0.8849557522123894,1.0,1.0,228,31,19,50,9,4,228,31,19,50,9,4
02_BN3-154-E_comp_02.npz,comp,0.8508891928864569,0.7698019801980198,0.8083170890188434,0.8666666666666667,0.7878787878787878,0.8253968253968254,0.8508891928864569,0.7698019801980198,0.8083170890188434,0.8666666666666667,0.7878787878787878,0.8253968253968254,1.0,1.0,622,109,186,156,24,42,622,109,186,156,24,42
04_BN3-154-E_solo_03.npz,solo,0.8090452261306532,0.8994413407821229,0.8518518518518519,0.7647058823529411,0.8863636363636364,0.8210526315789474,0.8190954773869347,0.9106145251396648,0.8624338624338624,0.7647058823529411,0.8863636363636364,0.8210526315789474,0.9877300613496932,1.0,161,38,18,39,12,5,163,36,16,39,12,5
05_SS1-68-E_solo_02.npz,solo,0.8149038461538461,0.8248175182481752,0.8198307134220073,0.8181818181818182,0.8372093023255814,0.8275862068965517,0.8655256723716381,0.8719211822660099,0.8687116564417178,0.8409090909090909,0.8809523809523809,0.8604651162790697,0.9576271186440678,0.972972972972973,339,77,72,36,8,7,354,55,52,37,7,5
04_Rock1-130-A_comp_01.npz,comp,0.39543726235741444,0.3123123123123123,0.348993288590604,0.415929203539823,0.32413793103448274,0.3643410852713178,0.9101338432122371,0.7147147147147147,0.80067283431455,0.9285714285714286,0.7172413793103448,0.8093385214007782,0.4369747899159664,0.4519230769230769,208,318,458,47,66,98,476,47,190,104,8,41
03_BN1-129-Eb_comp_00.npz,comp,0.9040735873850198,0.9828571428571429,0.9418206707734429,0.9215686274509803,0.986013986013986,0.9527027027027027,0.9040735873850198,0.9828571428571429,0.9418206707734429,0.9215686274509803,0.986013986013986,0.9527027027027027,1.0,1.0,688,73,12,141,12,2,688,73,12,141,12,2
00_BN1-129-Eb_solo_00.npz,solo,0.9570815450643777,0.7335526315789473,0.8305400372439479,0.9690721649484536,0.752,0.8468468468468469,0.9570815450643777,0.7533783783783784,0.8431001890359168,0.9690721649484536,0.7704918032786885,0.8584474885844748,1.0,1.0,446,20,162,94,3,31,446,20,146,94,3,28
03_Jazz1-130-D_solo_01.npz,solo,0.8217054263565892,0.925764192139738,0.8706365503080082,0.7592592592592593,0.9318181818181818,0.8367346938775511,0.8571428571428571,0.9432314410480349,0.8981288981288982,0.7924528301886793,0.9545454545454546,0.865979381443299,0.9814814814814815,0.9761904761904762,212,46,17,41,13,3,216,36,13,42,11,2
05_BN3-154-E_comp_03.npz,comp,0.8844984802431611,0.917981072555205,0.9009287925696594,0.8666666666666667,0.910828025477707,0.8881987577639752,0.8960244648318043,0.9242902208201893,0.9099378881987578,0.8727272727272727,0.9171974522292994,0.8944099378881988,0.9931740614334471,0.9930555555555556,582,76,52,143,22,14,586,68,48,144,21,13
00_BN1-129-Eb_solo_01.npz,solo,0.5818639798488665,0.528604118993135,0.5539568345323741,0.5176470588235295,0.4782608695652174,0.4971751412429379,0.672544080604534,0.6109839816933639,0.6402877697841727,0.6235294117647059,0.5760869565217391,0.5988700564971752,0.8651685393258427,0.8301886792452831,231,166,206,44,41,48,267,130,170,53,32,39
01_BN3-119-G_solo_00.npz,solo,0.9185667752442996,0.9306930693069307,0.9245901639344263,0.9193548387096774,0.95,0.9344262295081968,0.9185667752442996,0.9306930693069307,0.9245901639344263,0.9193548387096774,0.95,0.9344262295081968,1.0,1.0,282,25,21,57,5,3,282,25,21,57,5,3
05_BN1-129-Eb_solo_01.npz,solo,0.9818181818181818,0.9863013698630136,0.9840546697038725,0.9183673469387755,1.0,0.9574468085106383,0.9818181818181818,0.9863013698630136,0.9840546697038725,0.9183673469387755,1.0,0.9574468085106383,1.0,1.0,216,4,3,45,4,0,216,4,3,45,4,0
01_BN3-119-G_solo_01.npz,solo,0.9174311926605505,0.9345794392523364,0.9259259259259259,0.9682539682539683,0.9838709677419355,0.976,0.9570552147239264,0.9719626168224299,0.964451313755796,0.9838709677419355,0.9838709677419355,0.9838709677419355,0.9615384615384616,1.0,300,27,21,61,2,1,312,14,9,61,1,1
00_BN1-129-Eb_comp_02.npz,comp,0.8227194492254734,0.7320061255742726,0.7747163695299838,0.8278688524590164,0.7426470588235294,0.7829457364341085,0.8416523235800344,0.7488514548238897,0.7925445705024311,0.8442622950819673,0.7573529411764706,0.7984496124031008,0.9775051124744376,0.9805825242718447,478,103,175,101,21,35,489,92,164,103,19,33
02_BN3-154-E_solo_00.npz,solo,0.6859504132231405,0.8601036269430051,0.7632183908045977,0.7368421052631579,0.84,0.7850467289719626,0.8409090909090909,0.9585492227979274,0.8958837772397095,0.8214285714285714,0.92,0.8679245283018868,0.8972972972972973,0.9130434782608695,166,76,27,42,15,8,185,35,8,46,10,4
00_Rock1-130-A_solo_00.npz,solo,0.2822822822822823,0.32752613240418116,0.3032258064516129,0.26436781609195403,0.3770491803278688,0.3108108108108108,0.8439716312056738,0.8292682926829268,0.836555360281195,0.8153846153846154,0.8688524590163934,0.8412698412698413,0.3949579831932773,0.4339622641509434,94,239,193,23,64,38,238,44,49,53,12,8
00_Jazz2-110-Bb_comp_01.npz,comp,0.7495854063018242,0.8683957732949087,0.8046283934134402,0.7281553398058253,0.8241758241758241,0.7731958762886598,0.7527060782681099,0.8683957732949087,0.8064228367528992,0.7281553398058253,0.8241758241758241,0.7731958762886598,1.0,1.0,904,302,137,150,56,32,904,297,137,150,56,32
01_BN3-154-E_solo_03.npz,solo,0.9509433962264151,0.8208469055374593,0.8811188811188811,0.9130434782608695,0.84,0.875,0.9545454545454546,0.8208469055374593,0.882661996497373,0.9130434782608695,0.84,0.875,1.0,1.0,252,13,55,63,6,12,252,12,55,63,6,12
04_BN3-154-E_comp_03.npz,comp,0.28205128205128205,0.2544987146529563,0.26756756756756755,0.2708333333333333,0.2857142857142857,0.27807486631016043,0.28205128205128205,0.2544987146529563,0.26756756756756755,0.2708333333333333,0.2857142857142857,0.27807486631016043,1.0,1.0,99,252,290,26,70,65,99,252,290,26,70,65
03_Jazz3-137-Eb_comp_01.npz,comp,0.8318042813455657,0.6224256292906178,0.7120418848167539,0.8235294117647058,0.6222222222222222,0.7088607594936709,0.909375,0.665903890160183,0.7688243064729194,0.9076923076923077,0.6555555555555556,0.7612903225806451,0.9347079037800687,0.9491525423728814,272,55,165,56,12,34,291,29,146,59,6,31
00_Rock1-130-A_solo_02.npz,solo,0.8143322475570033,0.7621951219512195,0.7874015748031497,0.8181818181818182,0.7941176470588235,0.8059701492537313,0.9379084967320261,0.875,0.9053627760252366,0.9375,0.8823529411764706,0.9090909090909091,0.8710801393728222,0.9,250,57,78,54,12,14,287,19,41,60,4,8
00_Jazz2-110-Bb_comp_03.npz,comp,0.9460981496379727,0.8454349388928828,0.8929384965831435,0.908675799086758,0.8361344537815126,0.8708971553610503,0.9613837489943685,0.8590941768511862,0.9073652239939256,0.9223744292237442,0.8487394957983193,0.8840262582056893,0.9841004184100418,0.9851485148514851,1176,67,215,199,20,39,1195,48,196,202,17,36
03_Jazz3-137-Eb_solo_02.npz,solo,0.9186046511627907,0.9080459770114943,0.9132947976878613,0.813953488372093,0.9459459459459459,0.875,0.9186046511627907,0.9518072289156626,0.9349112426035503,0.813953488372093,0.9722222222222222,0.8860759493670886,1.0,1.0,158,14,16,35,8,2,158,14,8,35,8,1
03_Funk2-108-Eb_solo_01.npz,solo,0.7376425855513308,0.6855123674911661,0.7106227106227107,0.5918367346938775,0.6744186046511628,0.6304347826086957,0.8935361216730038,0.8608058608058609,0.8768656716417911,0.7346938775510204,0.8571428571428571,0.7912087912087912,0.825531914893617,0.8055555555555556,194,69,89,29,20,14,235,28,38,36,13,6
00_Funk1-114-Ab_solo_02.npz,solo,0.9295039164490861,0.8259860788863109,0.8746928746928747,0.8611111111111112,0.8157894736842105,0.8378378378378378,0.9295039164490861,0.8356807511737089,0.8800988875154512,0.8611111111111112,0.8266666666666667,0.8435374149659864,1.0,1.0,356,27,75,62,10,14,356,27,70,62,10,13
